timestep,mean_reward,std_reward,steps_to_1000_return
33,10.507943372975422,0.0,
58,11.20829113849636,0.700347765520938,
93,10.784177262473307,0.8286956546992232,
107,9.561914445401825,2.235359377834933,
139,10.028765033080836,2.206640687408037,
158,10.315478100656586,2.1139397306996863,
173,9.936313966122118,2.166319974674281,
186,9.692135188381148,2.126896185073968,
199,9.582979674083996,2.0288851276382154,
211,9.264827388725966,2.1484239025721203,
228,9.232404011538796,2.0510062484754017,
242,9.082256134460673,2.0258486238890403,
251,8.555738405284224,2.667398835921053,
262,8.149866843344315,2.9577548080114666,
290,8.559601901080166,3.2427537756598954,
302,8.43809889791874,3.174851334018321,
312,8.139559102591216,3.3034489147049375,
323,8.00586398497814,3.2573569047962008,
333,7.83266243701679,3.2545216607050254,
347,7.870804112372381,3.1764692094490674,
358,7.729080321922344,3.164047276594005,
371,7.635811520522049,3.120708460956844,
384,7.601809465710125,3.0562770423196484,
394,7.413192289204159,3.1256817239415584,
407,7.364981589160042,3.071623887811923,
438,7.086353788542273,3.318558398986226,
452,7.152336390167012,3.273857595740022,
465,7.152858985442876,3.2148654854773966,
475,7.009055986314724,3.249305900359851,
485,6.938561773145137,3.2171679256137384,
495,6.849899622962473,3.20189355438358,
509,6.855314973449005,3.151611114545332,
519,6.8318563082708845,3.106327901425641,
544,6.911926342431693,3.094679438233726,
557,6.900116885075283,3.0509265542095694,
567,6.777801400522384,3.094063793741506,
578,6.77020876093452,3.0523057067724015,
589,6.709940619623082,3.0341045527823796,
601,6.721369559224697,2.995781719962937,
613,6.689574900697643,2.964753872237241,
649,6.7145547148918485,2.9326337382433048,
659,6.638030743685549,2.9386499063885454,
668,6.5305992747871615,2.9865662147853613,
702,6.40122195918451,3.0719074107336275,
712,6.3766621075616206,3.041948845586876,
724,6.364144261628904,3.0098741008943697,
748,6.462849584009954,3.0520085540907913,
758,6.436816464320553,3.0253184607887382,
768,6.355052590259388,3.0474023217902677,
779,6.3320266743311615,3.0210771489731956,
790,6.321767203464854,2.992191673947458,
803,6.343687751261627,2.96741299956107,
815,6.36119734764571,2.941995941146014,
827,6.332827078689604,2.9219367320288727,
838,6.3228082256728975,2.8961877490865144,
848,6.267531696450615,2.8993398722534036,
864,6.318443826912438,2.898939378464953,
876,6.320747633951881,2.8738924983034786,
886,6.265148589705422,2.8807227187539457,
899,6.33474449739275,2.906204711351548,
913,6.390057804525777,2.9139560911755624,
926,6.409960089382037,2.894537680906926,
938,6.42126119397403,2.872851729048393,
949,6.38901719175473,2.8617860106695017,
961,6.394435006496811,2.840017698309548,
971,6.362700254087945,2.83000955584125,
983,6.363462049693555,2.8088175020725727,
1018,6.264310092229177,2.903811076247703,
1033,6.3350534656011455,2.9411271033916635,
1044,6.316070528688662,2.924297902770153,
1053,6.272065268550853,2.926880029977606,
1067,6.310511319334674,2.9244812872777097,
1077,6.288049643952824,2.910628446839163,
1089,6.251091710887691,2.908089514360665,
1103,6.299572894415497,2.918588064478609,
1113,6.261704045774624,2.917812367785764,
1126,6.291255414274579,2.910228846660347,
1138,6.294613578026263,2.8916635054025446,
1151,6.360673022757682,2.9319368372432524,
1163,6.366867161855536,2.9140747191412384,
1177,6.36929885475423,2.8961124103919715,
1187,6.325999395326149,2.9046588797457216,
1200,6.336513920807885,2.8886774854390036,
1213,6.35266406793501,2.8751986880366305,
1224,6.34110106535701,2.8601997241288912,
1236,6.33528800982628,2.844027045722406,
1248,6.344895662376227,2.829038191714252,
1264,6.3913994923119795,2.8461650432537176,
1276,6.418656731108684,2.8416574520373152,
1287,6.388251777709627,2.8403471106177456,
1299,6.361077486513987,2.836437354113551,
1310,6.366225665669829,2.8214072652517714,
1324,6.414379442020154,2.8439536286899467,
1339,6.48791788744386,2.9163271241854924,
1352,6.507132799757922,2.9069131338780543,
1363,6.507653709204997,2.8917377842476633,
1377,6.54857875483296,2.9046043114484634,
1390,6.573359809931973,2.9000353325903356,
1403,6.6190856811285155,2.920643282633983,
1417,6.628620120907429,2.907551420215803,
1431,6.648872673057679,2.9002017707082377,
1443,6.647091809777752,2.88600557443463,
1457,6.672395936495965,2.8833096096331325,
1469,6.686374175975418,2.8729187847033506,
1481,6.689334506837856,2.859364867516002,
1496,6.7251770458255375,2.8694473118257453,
1511,6.782245787727555,2.9158193232055063,
1523,6.805734079538144,2.912440894852024,
1535,6.794194872654968,2.90152944946019,
1547,6.817839201516438,2.898840259997526,
1561,6.849774199979813,2.905125217280824,
1574,6.859961357849181,2.8941176502312524,
1588,6.882744633425292,2.8913544422420836,
1603,6.9335823771951395,2.928932159772053,
1617,6.958288288871195,2.9280762032239496,
1630,6.986798363732947,2.9314150932029874,
1643,7.013395079388708,2.9328833995175474,
1656,7.027063933175796,2.924169690236187,
1669,7.057735578366563,2.9308568131957085,
1684,7.095443713343089,2.9474642472345245,
1701,7.13682461608439,2.970056074475184,
1715,7.161912857821691,2.970704916512424,
1732,7.214732690172035,3.0155780627628377,
1746,7.230437142403879,3.008439818412173,
1761,7.25892885803806,3.0131320771735846,
1775,7.274069834305943,3.005921785856434,
1789,7.279500917475373,2.994684653704733,
1803,7.320353027479033,3.018281342505831,
1817,7.331243006093368,3.009083193280409,
1833,7.366637589505008,3.0243245872256095,
1848,7.392159722066309,3.0267800715393465,
1862,7.413976629008696,3.025614998198164,
1880,7.453051927220127,3.0474685340570544,
1898,7.500407748813859,3.0848047483416594,
1917,7.583122721441163,3.219057009938224,
1931,7.5997990729400895,3.2130480916351662,
1947,7.64304294407386,3.2407787845103178,
1963,7.699131742538856,3.295077631167865,
1975,7.702038479159398,3.2833810012864553,
1990,7.721392932321393,3.279581568548406,
2006,7.759817818787222,3.2994060204433127,
2024,7.829050122900917,3.3889889841140057,
2039,7.85226977369906,3.3884346734924002,
2054,7.872258897299768,3.3850989312296416,
2069,7.902033191355953,3.3922743329752416,
2084,7.923834669079551,3.3908148913256486,
2100,7.945131904068536,3.3890458879702616,
2113,7.9660211984749605,3.3870594494629067,
2129,7.985795908250557,3.384235669523332,
2145,8.022972765720253,3.4033267671591387,
2160,8.041972333738064,3.400010947398074,
2175,8.066703584099674,3.4024077015411787,
2189,8.089868471546072,3.4032749801751514,
2205,8.116733501588424,3.4084447541151284,
2225,8.180051007034642,3.4871114776333574,
2241,8.227078748479117,3.524882607243425,
2256,8.241924715093823,3.5185282978817223,
2273,8.285147738536832,3.548943330389923,
2289,8.320552719021277,3.565647196686139,
2304,8.33091682276924,3.556888719155937,
2320,8.36326732496252,3.5693592812582207,
2335,8.377556762656063,3.562942037950999,
2351,8.412173369835237,3.579217986118274,
2364,8.419279475736527,3.5694422138919095,
2380,8.45627727956148,3.5900124488896847,
2401,8.514939092176295,3.657642553733297,
2423,8.587567685449367,3.7648206678966076,
2439,8.611883916525409,3.766729346332246,
2456,8.645507928911485,3.7807713887243604,
2477,8.697760589166373,3.8303493469328487,
2494,8.720541285399522,3.8306658232399617,
2511,8.75204409554911,3.8416652271075082,
2527,8.788226029767245,3.8598256257364887,
2543,8.806869128942392,3.8565218115383333,
2560,8.834290622052722,3.8624617204054226,
2576,8.854708354453901,3.860932578192165,
2595,8.893111502303304,3.883573904638813,
2612,8.92662572375278,3.89823319619583,
2627,8.937244248127156,3.8899096392231662,
2644,8.973921323071135,3.910003310175217,
2665,9.026974721958002,3.9636221396222586,
2684,9.078279951176746,4.012532010857185,
2698,9.082929776033449,4.002045444150979,
2715,9.125024887593693,4.031575122774981,
2732,9.144864675174723,4.029660810013986,
2754,9.194492513073545,4.075107961661234,
2770,9.211060628826987,4.070473868931094,
2788,9.243369249514897,4.083604438759761,
2805,9.260528354888505,4.079576827748969,
2822,9.291025745359876,4.0903715969519086,
2838,9.307129619110448,4.085684252732471,
2854,9.332541503409898,4.09013630114655,
2881,9.385391307196368,4.144732877961996,
2900,9.426619310283424,4.173525065150872,
2919,9.457684808722023,4.1852370832162675,
2963,9.604052805265756,4.648057783374535,
2978,9.624484138983805,4.6450610400187795,
2995,9.643554402178966,4.6410411914948995,
3011,9.659494418942367,4.634796057599532,
3028,9.677788906171655,4.630392077070363,
3046,9.71316042280448,4.645868090871421,
3063,9.734262812431576,4.644001062225735,
3079,9.758374576970505,4.645206554153408,
3097,9.788890472769495,4.654160217995006,
3120,9.844809648464468,4.710991569475234,
3137,9.862782167992288,4.706583024164358,
3156,9.890235781915552,4.711705851163215,
3175,9.934524414028013,4.743360348847335,
3192,9.953951856643139,4.7402868008676595,
3222,10.085684887608018,5.0980602240570665,
3240,10.11953427733622,5.1095651192741665,
3261,10.156394488580586,5.125542590811635,
3280,10.18850968273158,5.134832199034297,
3298,10.20750240959905,5.130314600767258,
3317,10.236049419755853,5.1353776984872885,
3345,10.317220978449905,5.2599056787010925,
3366,10.35104367743101,5.271262700086546,
3394,10.416726715198992,5.347424193673856,
3413,10.44128299995579,5.347507027021963,
3431,10.461434611695113,5.343667608020667,
3450,10.481572336495399,5.3399243900131514,
3468,10.506083693955533,5.340330116039583,
3490,10.557314954781871,5.382741665273298,
3510,10.5877023954296,5.389849484233081,
3531,10.613270747885784,5.39145640198644,
3549,10.630229178865596,5.385526058501328,
3568,10.654490169152545,5.386013655665791,
3586,10.667820129292757,5.377940605317881,
3604,10.692990256733012,5.379627607228429,
3624,10.725982453202054,5.3910878741997355,
3647,10.759468443112972,5.403324224749346,
3665,10.782479362174113,5.4029976198449985,
3687,10.81182122820581,5.409882932664941,
3708,10.8390942946751,5.414339433744229,
3723,10.841179897363387,5.402901475827725,
3740,10.846137163962782,5.391978043913538,
3760,10.872023586093453,5.395266421049086,
3781,10.902680151466733,5.404565845442834,
3800,10.929283659443701,5.408840994067741,
3818,10.947237309544551,5.40469244708793,
3836,10.964046193684212,5.399750316665627,
3855,10.987117694284336,5.400472353870804,
3877,11.01722086201811,5.409656294233527,
3899,11.06957388522613,5.459896438542441,
3927,11.16298964391921,5.640750012601551,
3949,11.225089788433934,5.712577688042982,
3967,11.235390053493376,5.703290604069107,
4005,11.416322232648035,6.362567747985001,
4023,11.427954928115643,6.352420658181978,
4041,11.442221390552165,6.343698817037729,
4058,11.457686562608973,6.335769789395951,
4077,11.48124831344136,6.334195247948533,
4096,11.497876826506191,6.32717347787436,
4118,11.5350561090853,6.342336726655106,
4136,11.551358575176412,6.3352186083694795,
4155,11.567914690089331,6.328357942807051,
4173,11.58123541858439,6.319628954037486,
4192,11.594238962488921,6.3108136935163115,
4211,11.621867692425969,6.314233378739662,
4227,11.623750088489464,6.30215173642191,
4264,11.767307215256588,6.702476579337127,
4283,11.781227878205346,6.693452590270942,
4302,11.802761269565577,6.689801385542764,
4322,11.839700571549502,6.703938292254241,
4339,11.847457819018274,6.692464371820223,
4355,11.858683354529635,6.682371788672841,
4373,11.875895313102356,6.675751031370776,
4391,11.892199450493349,6.668608350656995,
4409,11.910867329073081,6.663213588981641,
4425,11.91885973482238,6.65215454472785,
4446,11.938735427809004,6.647896910278995,
4464,11.952775821708153,6.639689479097507,
4480,11.96416425455717,6.630178620439042,
4500,11.9878726928796,6.6296518638091015,
4517,11.997502966323353,6.619506681187235,
4535,12.01583863823907,6.614496386437807,
4553,12.027323103708076,6.605302189963279,
4573,12.053290353542076,6.6075604482423484,
4587,12.053020531391281,6.595709846629567,
4602,12.047832224551142,6.584491582953359,
4618,12.050152186480924,6.572879603970272,
4637,12.064722256398433,6.565759490700635,
4657,12.085439782939135,6.563376208533922,
4675,12.103519241627858,6.558866349806071,
4690,12.108240417311967,6.54783285584097,
4727,12.246916584471302,6.942986621474717,
4744,12.246695597346585,6.930881278748174,
4760,12.25158455549762,6.9193337547449465,
4780,12.28715021396899,6.9336722199859935,
4795,12.292081578652276,6.922214949192542,
4812,12.295978403412631,6.910629500096782,
4830,12.308380661428647,6.902029401524603,
4849,12.32290193739089,6.894707832255842,
4869,12.356373609962013,6.906777035537709,
4885,12.35959158430467,6.895281464923412,
4904,12.377055256584201,6.8901560832871676,
4922,12.388103541743195,6.88117257541626,
4937,12.39159189722084,6.869880324854333,
4954,12.396546971459127,6.858916002987428,
4971,12.403365902974437,6.848490039699242,
4994,12.455976518749795,6.897561808741739,
5010,12.45816913758507,6.886237606554643,
5030,12.476603496891551,6.882324692293882,
5046,12.482922826494288,6.871876210037341,
5064,12.496275708862436,6.864550765819754,
5082,12.511839717259003,6.858713163887197,
5120,12.638840087029376,7.198903938047103,
5138,12.649020904069292,7.189421236469742,
5156,12.660985427079925,7.180849079016503,
5177,12.692348860207845,7.19042478320636,
5197,12.710674741724404,7.186102787928846,
5216,12.720765824015462,7.1767840524290305,
5234,12.73276382679437,7.168443745891378,
5252,12.743668314141186,7.159619567151441,
5272,12.758142886337433,7.152846207029163,
5296,12.809365593989172,7.199151768996803,
5318,12.845383393067156,7.216247824466272,
5342,12.893275721245155,7.255175547266169,
5364,12.926061477197045,7.267350562656196,
5386,12.96105756073286,7.282858422361406,
5427,13.12389564998391,7.833261832168608,
5447,13.148942537517339,7.833952399898341,
5469,13.168827779414686,7.829951075945087,
5486,13.170913290611612,7.817948327959488,
5505,13.182363586069867,7.808631951238656,
5525,13.199957432924625,7.803095252020188,
5546,13.222916475054214,7.80217489653921,
5564,13.231622912959773,7.791863007691687,
5582,13.238462138315388,7.780998197233778,
5629,13.436313155335412,8.55798923145978,
5666,13.544708002595677,8.768992498745071,
5696,13.610105239062275,8.83624567461049,
5717,13.637646350528044,8.837227602224406,
5751,13.745939367941176,9.042565250541736,
5769,13.752296556115178,9.029806254407363,
5813,13.890790035380146,9.365905125960067,
5831,13.895029906316715,9.352321726063503,
5869,14.023084021928339,9.629809157017233,
5889,14.036812199119263,9.618907188917825,
5932,14.185061814278592,9.98507748792448,
5953,14.201765831500403,9.975182208890937,
5977,14.242993797802324,9.989640888773934,
5997,14.254420712278847,9.977306252199105,
6016,14.264830179176961,9.96465888698464,
6037,14.282373491055388,9.955525547239187,
6081,14.438918659963473,10.357641679457267,
6110,14.509155485074128,10.424896449037512,
6128,14.512901050591003,10.410141194253063,
6149,14.537182825645537,10.405080650656403,
6174,14.590097972076661,10.43712494921813,
6207,14.674370363524233,10.540819119968008,
6245,14.792429097741577,10.755715134103015,
6264,14.797671187143804,10.74091989206468,
6308,14.994431575207976,11.344943154994466,
6345,15.108382851922876,11.53004035015119,
6394,15.274898487290516,11.933635051391763,
6429,15.38268842447706,12.089209241563966,
6465,15.505500016914203,12.293301511610412,
6491,15.583002549586627,12.3634412023072,
6532,15.70280811726829,12.553204503917845,
6564,15.782202736390497,12.625992533858902,
6596,15.844449693970105,12.663888560137739,
6631,15.924824574144495,12.738557043155991,
6688,16.135071790648308,13.33683055888009,
6729,16.258149654926,13.523966204431053,
6754,16.32353039774558,13.563118582020161,
6793,16.45199582475857,13.765797076115774,
6832,16.56661621323336,13.921343902757188,
6868,16.678120704374756,14.066059826178389,
6908,16.79484364333732,14.224860090726178,
6951,16.914166012080926,14.38990035051446,
6984,16.983161267418385,14.431863444065787,
7022,17.091680487240275,14.56369195011442,
7060,17.18830005366974,14.663426951611745,
7104,17.309196351354878,14.829331268074515,
7140,17.40111734044351,14.91619093165452,
7175,17.484504047602993,14.98389276526307,
7206,17.550935931330223,15.019549146111297,
7244,17.641671521170323,15.103102152794824,
7273,17.709713425501814,15.141270697649716,
7313,17.82394684553581,15.284471705485345,
7347,17.91591968292171,15.369658343639358,
7378,17.987365732397777,15.412967008488291,
7419,18.119446004773668,15.608408576996581,
7455,18.190809593722122,15.650726927084428,
7488,18.257502246082353,15.68512433659111,
7523,18.348429847689598,15.766381597412895,
7563,18.447276198275677,15.86566557981348,
7595,18.522005054450165,15.913484810535456,
7631,18.61149309274027,15.99077304100047,
7668,18.703328468931335,16.07295875331127,
7699,18.763616283341673,16.096649002416054,
7732,18.838922104692546,16.14514896699278,
7765,18.904934474354697,16.17766350561743,
7801,18.978377993054508,16.222806132281775,
7834,19.049952495138026,16.26463628415402,
7868,19.111151244738203,16.289726318410537,
7912,19.23670480772413,16.460457154705985,
7952,19.336935474017164,16.56097725589075,
7983,19.383288063778508,16.56615764803086,
8025,19.49500553350138,16.6956734948115,
8064,19.58907873754177,16.780967597275918,
8099,19.650944941262434,16.805973275819696,
8134,19.719958606838247,16.8422406491286,
8164,19.773156448529985,16.85538479433077,
8194,19.830384754924207,16.873963376841363,
8233,19.940996494199396,16.999954371944654,
8261,19.979232146324403,16.99662139691955,
8294,20.025620773634063,17.001670371249133,
8336,20.122146339604566,17.09276184403144,
8377,20.230075362747268,17.211263931779698,
8413,20.311132104726166,17.2687277297169,
8446,20.36064762950165,17.277066826866278,
8480,20.42406290002023,17.3042454002026,
8509,20.464535819457787,17.302991933023954,
8537,20.5109407650239,17.308018451657194,
8570,20.567142813725436,17.32521636984543,
8604,20.645340163453273,17.378000774064628,
8648,20.733936528620998,17.451509200668166,
8692,20.848137005506644,17.58677158587311,
8723,20.897631766444125,17.595134430617623,
8775,21.049277655112995,17.84759505352055,
8843,21.30301721774899,18.57292536391338,
8880,21.371118394525055,18.60381046163155,
8918,21.4476466863321,18.64860842762157,
8983,21.681463046849768,19.240296822661318,
9029,21.793610240201943,19.356649183665862,
9072,21.894026097321518,19.44505169471753,
9116,21.98911152944559,19.521739433269552,
9184,22.221147998963133,20.08257432219877,
9234,22.34638345866899,20.22666862309299,
9296,22.55835189955082,20.6769482294825,
9334,22.619238566790564,20.691793326024587,
9377,22.726666982574177,20.78848200155768,
9416,22.791804997949455,20.808867232437834,
9468,22.94582428182143,21.031758355067883,
9513,23.062104647976465,21.147526130936715,
9550,23.117862351046323,21.15550554317282,
9584,23.165310565554606,21.15471602861014,
9622,23.23105761404741,21.175518147817122,
9661,23.309030887933478,21.21463902101561,
9704,23.408476101666512,21.293282392047125,
9738,23.46182280265051,21.298785522791025,
9780,23.552879141649132,21.36093592838555,
9828,23.65126288399488,21.43739373296183,
9872,23.731716106740635,21.480498206368384,
9945,24.007766093692638,22.234351025506562,
10009,24.19583568333291,22.562653554237347,
10083,24.479195773706106,23.321894847421405,
10121,24.533860633408086,23.324746761872728,
10159,24.605058366487935,23.34777524036955,
10225,24.817245099688403,23.753274756324146,
10267,24.93534509829479,23.859523606638994,
10305,24.996855898442806,23.869162406935594,
10353,25.105459488309066,23.95494848262348,
10391,25.158628692847742,23.955529747556454,
10438,25.25862263326093,24.024386058840015,
10511,25.516090415995947,24.621236783925934,
10581,25.74846959813648,25.092162733804905,
10652,26.003841760329564,25.655049344630008,
10725,26.2559858315243,26.19158418594186,
10764,26.313104107366055,26.191950041733715,
10803,26.371723813557963,26.19397111604901,
10851,26.475367386118542,26.26059687969955,
10921,26.723519204423408,26.771415796378413,
10965,26.8016875284779,26.795745662962144,
11010,26.879325838822425,26.819459321661,
11054,26.962069889916833,26.85039701550064,
11084,26.979271315238005,26.82433787275403,
11129,27.048418163273233,26.837596365876085,
11202,27.300231705766038,27.35927813028214,
11239,27.336076463493463,27.34134952283507,
11270,27.35756158847565,27.316420542194667,
11304,27.396498410918614,27.30072712277096,
11342,27.451400562935373,27.298156329969075,
11407,27.624418329319443,27.528948585972604,
11443,27.667772880013125,27.51633948327698,
11512,27.851011263077147,27.77734404981788,
11555,27.922700812141095,27.792564754222013,
11589,27.95318394317985,27.771613752364967,
11623,27.98786510991066,27.7531333366659,
11688,28.16779397386525,28.00375856324516,
11721,28.195575607899077,27.98140250786967,
11760,28.251339376100724,27.979334131045622,
11795,28.29281958458017,27.965367921369634,
11832,28.337779203996586,27.954122871078788,
11873,28.39782113190669,27.95676029864042,
11905,28.42328106386445,27.933752423942693,
11945,28.47896162915891,27.93227146025842,
11985,28.534652395784487,27.93091718221726,
12017,28.56684346877521,27.911557330496272,
12050,28.595979476940837,27.89065077671205,
12087,28.6421907592268,27.881197808814505,
12124,28.688523632208046,27.871955905846434,
12164,28.747667836617428,27.87480171309636,
12210,28.820938760527543,27.894363231223544,
12248,28.870345132918924,27.888001836383832,
12284,28.90623919113236,27.87147726220738,
12355,29.094156329753808,28.157561907524258,
12394,29.13392474412316,28.143414466884675,
12430,29.16791738641842,28.12558596807532,
12466,29.202241419228343,28.10806005054211,
12545,29.40659518123741,28.45094179249969,
12584,29.445140655943348,28.435846378871975,
12620,29.486207800407268,28.42263495194922,
12668,29.560983040604015,28.444213271241814,
12709,29.62795111121072,28.45604914480603,
12742,29.656402861365986,28.43524504656005,
12803,29.7974975467419,28.584746717926034,
12837,29.831859095837654,28.567229417068557,
12874,29.867712167878846,28.550746645808115,
12905,29.886676531129986,28.526072869355577,
12941,29.91801782073906,28.507078546182587,
12986,29.985845757859952,28.520740031637132,
13017,30.001705328169816,28.495305148411976,
13050,30.021058875109222,28.471067848870764,
13114,30.173426847436478,28.653329037911394,
13142,30.1842570983271,28.626717213692423,
13179,30.217177046345626,28.6089379421029,
13213,30.243428636599166,28.587672406425135,
13246,30.25947039563346,28.56256644156657,
13277,30.283568164524084,28.540495331436716,
13311,30.31420082862069,28.521785040262543,
13343,30.329808453909656,28.496792057132915,
13373,30.339155724444822,28.470443368695413,
13411,30.37817569647164,28.457415349907983,
13439,30.38085458374615,28.430469471055474,
13473,30.40124765852778,28.407391758031867,
13508,30.425715815389097,28.38609753592714,
13545,30.451652335711476,28.36557899093393,
13576,30.463554966216925,28.340181585593587,
13607,30.47973401890444,28.31598801856633,
13636,30.493388418396833,28.291165737651422,
13670,30.520943334179226,28.271821549394506,
13699,30.559477782240332,28.2594200448906,
13729,30.574871055323484,28.235291309641326,
13762,30.600898931565094,28.21542461094739,
13799,30.64799065862638,28.210304765863523,
13830,30.66374657559342,28.186492785470755,
13864,30.68721086089415,28.16565067544906,
13893,30.69314520769827,28.13994543532292,
13922,30.706958891352286,28.115809994680994,
13949,30.70203339125752,28.090142791251786,
13980,30.714959156432005,28.065929045115485,
14013,30.735661286172558,28.044325722807354,
14043,30.743246414135292,28.019191888866857,
14076,30.76175442526746,27.996908876026126,
14107,30.769844107696525,27.971992471794998,
14139,30.793861065346903,27.95216022945352,
14168,30.801868579660248,27.927367863470437,
14198,30.81548513713799,27.903841248023504,
14230,30.831007899563037,27.880935634678547,
14262,30.853730085230012,27.86083053686617,
14297,30.878881074217947,27.84195684416874,
14330,30.89860577855542,27.820736716098956,
14364,30.921272510502348,27.800835694104688,
14395,30.942188735600435,27.780246956646625,
14427,30.975227123614502,27.76629351601068,
14488,31.092669128637564,27.87981618283906,
14519,31.114695122193467,27.8597799469537,
14548,31.12633925130213,27.83630227266872,
14581,31.139410321396845,27.813248978134368,
14615,31.165209725746244,27.795266949707585,
14652,31.197301826767603,27.781052590372294,
14682,31.21131558137532,27.758451863626362,
14715,31.234976198650262,27.739621258118,
14748,31.24818994444561,27.716931534423694,
14788,31.29727200689949,27.7171735532865,
14819,31.312768364081982,27.695269387942197,
14852,31.325706194954343,27.672685573970153,
14884,31.342224471697868,27.651255610592962,
14919,31.370171021287796,27.635144185494475,
14952,31.39450097370621,27.617150029326826,
14989,31.429048638561945,27.60547259189939,
15017,31.42808818138172,27.58146698606819,
15048,31.43865688913383,27.55867962545204,
15080,31.45335530478254,27.53704787708296,
15114,31.484654752708046,27.523487211448415,
15143,31.493768811898196,27.50058176065101,
15175,31.519281836229737,27.483721402678857,
15202,31.514965314119518,27.460255904595957,
15233,31.53078083218792,27.43930273853791,
15261,31.53995978918884,27.41665406638255,
15290,31.545642269839366,27.393514459499542,
15316,31.54353160549525,27.37013871250695,
15349,31.563023058739827,27.350838652556117,
15379,31.575832960246913,27.32929090504163,
15409,31.57952296803183,27.306188176454643,
15439,31.59328170304853,27.285038043123155,
15468,31.606329585326943,27.263744377470147,
15499,31.617582718219534,27.2420401629576,
15531,31.628832082331613,27.22039577884465,
15558,31.62699600526369,27.197471354660234,
15588,31.6353911500973,27.17533719194276,
15616,31.644684382521373,27.153435825024246,
15650,31.66338445442057,27.134480803706815,
15683,31.67892769209295,27.114400925457957,
15743,31.79988360285535,27.252442642988395,
15774,31.808185594136894,27.230441668493352,
15803,31.811074668182087,27.207832050863676,
15830,31.80448839432496,27.185665861046818,
15859,31.80671794337805,27.163132011656586,
15887,31.817915206867653,27.14198980311488,
15915,31.814187604999432,27.119666437708258,
15945,31.82253497642387,27.098020781125644,
15975,31.82692350427355,27.07586861726186,
16005,31.838071949078824,27.054948390567453,
16039,31.8727964439331,27.046224299654476,
16068,31.878017563401613,27.024316391930565,
16100,31.902881970275757,27.00912712958502,
16130,31.916343073044278,26.989063493854903,
16158,31.91850307209626,26.967057445599078,
16189,31.93080179407077,26.94677020385276,
16222,31.951913059786335,26.92989064351342,
16251,31.962098334579835,26.909171083853998,
16278,31.961689004806022,26.887322268829575,
16308,31.973565156103938,26.867141618773292,
16342,31.99065430572222,26.848751472272284,
16371,31.992604918771033,26.827099333492534,
16404,32.01427189084126,26.81087572933267,
16434,32.02777285148033,26.791389351865615,
16461,32.03385706773703,26.77027356211926,
16488,32.0317586954742,26.748831157095786,
16520,32.04055989074555,26.728291975602986,
16548,32.04477485011276,26.707108328994543,
16578,32.0616511321304,26.689103253814427,
16605,32.058140342756886,26.667956250106712,
16635,32.06613361749051,26.647467029026686,
16665,32.0782780857991,26.628015447148716,
16694,32.08323022979467,26.607163583780544,
16722,32.084360650462635,26.586087033490436,
16753,32.09333941277972,26.566002855262198,
16782,32.09364573155479,26.545011473637366,
16812,32.103292034542754,26.525178975719516,
16842,32.11306001033464,26.505425929345513,
16867,32.107162173797676,26.484997129779515,
16895,32.11434833416915,26.464820634561647,
16921,32.11017259876255,26.44428205859272,
16948,32.1065886335199,26.423737099436376,
16976,32.10832892326259,26.403122133372722,
17004,32.113212200192564,26.382808072687506,
17033,32.119999146460884,26.362812709018442,
17067,32.14178057408852,26.348085522994797,
17099,32.15744936986036,26.33061887871122,
17129,32.166310848781045,26.311160657121977,
17155,32.160586867705604,26.291189995598604,
17183,32.16226810093888,26.27089912447425,
17210,32.166535430969354,26.250844954037692,
17238,32.169206883406225,26.23070123765033,
17264,32.1714990736194,26.21058105751326,
17293,32.18284657479615,26.192040125762688,
17324,32.19354217446012,26.17336919821775,
17353,32.196999859752204,26.153469680553542,
17383,32.21071178465549,26.13581591834462,
17410,32.21334432304456,26.11594406763122,
17439,32.21857867918849,26.09637487401719,
17467,32.22087198493254,26.07657320896831,
17495,32.22537684525172,26.057006493742268,
17523,32.22604439686224,26.037234507664586,
17554,32.234334966800056,26.018372317725053,
17584,32.23723953882322,25.99879088444294,
17612,32.23711943714118,25.979147097718837,
17641,32.245488083536095,25.96044055127291,
17673,32.25765055988928,25.942774944582617,
17703,32.26378809463805,25.923744188015327,
17732,32.26539064899144,25.904307570879674,
17763,32.270545638739044,25.88522362766541,
17793,32.27889945918999,25.866740974577475,
17822,32.28409624638692,25.84775032922062,
17853,32.2914871242965,25.82916119097312,
17881,32.29846359536813,25.81053896781473,
17912,32.30580718865433,25.792029051985843,
17941,32.30889451162567,25.77298420802246,
17971,32.31994989565382,25.75545458376783,
18001,32.319636920155254,25.736370680689692,
18030,32.320212720819995,25.717332209520237,
18064,32.33603455326354,25.701623877764472,
18096,32.34863807367001,25.684756440127696,
18127,32.35515093781537,25.666396058883183,
18158,32.36511666497162,25.648831388627865,
18192,32.3827197327627,25.63410301794194,
18229,32.40353211456251,25.621060007384706,
18260,32.4125696711848,25.603384718650542,
18291,32.422344205593774,25.585937189804103,
18323,32.42799904085446,25.567682240704833,
18354,32.43531005257372,25.549756638328002,
18386,32.446453565739866,25.532822923234153,
18418,32.460944551995624,25.517087278523015,
18454,32.48143047882498,25.504224239120237,
18485,32.49686879178447,25.488957761766112,
18517,32.50872124116928,25.47241030363021,
18550,32.52253867970434,25.456590072553233,
18584,32.53709672641919,25.44109900530201,
18618,32.560724658652084,25.43037101334711,
18653,32.583687230095734,25.41926814363602,
18686,32.59217957079907,25.40198723219954,
18719,32.603402106330236,25.385484914223362,
18763,32.649526171789944,25.39650410459812,
18813,32.69900517928961,25.41197598154769,
18864,32.74727083239377,25.42586023206193,
18901,32.77421422763197,25.4177165332449,
18945,32.81681528193563,25.42463784710405,
18980,32.83187352376227,25.409680897910395,
19019,32.86027170977166,25.402789284448907,
19057,32.89230722784786,25.39899366226002,
19132,33.03893049710948,25.677840391666688,
19167,33.06186404413383,25.666908686503128,
19245,33.23123020085686,26.04111993908609,
19287,33.26658358284748,26.03974569581323,
19325,33.289027477582714,26.02826297493857,
19365,33.33101005799012,26.033997639022523,
19407,33.36190972865515,26.028752672929624,
19446,33.39437403794404,26.02491421943417,
19484,33.42480396920609,26.01937336520706,
19533,33.493206015222995,26.065333643821692,
19574,33.53297107828369,26.068819192556663,
19630,33.62065209631139,26.156071936431665,
19669,33.652801674565104,26.152023739452645,
19713,33.69406856330664,26.157214043778776,
19789,33.8440106570857,26.446447417497758,
19843,33.9236506469704,26.514357230116854,
19900,34.02410672330913,26.632937424688897,
19966,34.148567002319396,26.823801499749084,
20016,34.21731281287999,26.868930161696692,
20077,34.30382463783249,26.9511086922316,
20120,34.34092374044993,26.951059529005757,
20165,34.38761280893797,26.96188189984835,
20243,34.53358836267193,27.22932372065004,
20299,34.606348737913265,27.2813690229809,
20337,34.63273976362066,27.27198713056126,
20380,34.67162017916788,27.27356515118429,
20456,34.80023972422713,27.47588205884633,
20499,34.84342117150866,27.481977719808768,
20542,34.87927792975747,27.48040318762762,
20620,35.01996712119256,27.724961766577703,
20672,35.08429113370698,27.760947964177017,
20717,35.118135513788935,27.75729798995725,
20792,35.238695046759744,27.930907586512816,
20835,35.274345212669175,27.928800265553566,
20880,35.322038890911315,27.94002146926531,
20926,35.37031163382774,27.95202476840346,
20972,35.4240842016677,27.971508646080256,
21017,35.48466461675914,28.001346229638994,
21058,35.51014135600033,27.991137537295362,
21102,35.53987054409795,27.984096612642702,
21150,35.580220037289635,27.987011972725227,
21193,35.61075894688883,27.98070798592271,
21240,35.66053040037325,27.99506744891484,
21283,35.71226542853943,28.012130820092022,
21325,35.75304319289997,28.0156865078856,
21381,35.81317059057395,28.045410623355966,
21425,35.84679655237694,28.041902202641236,
21471,35.88236164853179,28.040242130190414,
21516,35.92934895642505,28.05129014353332,
21567,35.991690082375655,28.084925102033186,
21618,36.06667867099864,28.141877396884937,
21661,36.09480548471486,28.1339147491604,
21708,36.14895261922975,28.154793530451908,
21762,36.216651171557395,28.19790760805741,
21824,36.299028500910154,28.27059201425092,
21870,36.340987368670525,28.275681361822144,
21922,36.40531748361912,28.312792516217403,
21977,36.48766540750131,28.385398909381692,
22031,36.56056879264874,28.438205307408715,
22078,36.60630477446718,28.447714770511805,
22127,36.681981032827665,28.506088116095114,
22179,36.73243101007576,28.521697608323265,
22235,36.79528189556837,28.55622236257606,
22279,36.83172155819395,28.555511032933882,
22325,36.86614697764886,28.552925877587658,
22389,36.95754693473492,28.646896881580194,
22437,37.00092885711978,28.653668262206434,
22488,37.07206710569309,28.703264430325806,
22535,37.131753753861176,28.732677516560443,
22581,37.17441187957076,28.73864940781404,
22633,37.23734867010789,28.773520092374714,
22685,37.281633717764755,28.781448793133038,
22737,37.35524056972802,28.83603320569752,
22794,37.450299495056605,28.93923907790686,
22854,37.53352176395561,29.0138101364231,
22935,37.68054167621854,29.284516639361254,
22993,37.741530667967325,29.31537674435962,
23045,37.81487061917604,29.36834916376057,
23106,37.88796148403587,29.420788672184237,
23179,38.00261060776195,29.57677094188855,
23249,38.085419119631666,29.64886779991662,
23302,38.138475803299706,29.66733879259612,
23352,38.180535748576595,29.671978057471218,
23413,38.247126382279326,29.712028606967884,
23467,38.303040979566084,29.734726038693317,
23513,38.34508457021535,29.73941188851755,
23567,38.41276470770405,29.781523920399454,
23638,38.51659897640047,29.905847227172966,
23686,38.555434565496235,29.90701097959258,
23737,38.604076285775825,29.919606529566337,
23797,38.67066176073147,29.959689343520587,
23866,38.77912143947999,30.096852511426818,
23928,38.84341875276738,30.132711972379543,
24021,39.00385287289153,30.45297591711189,
24065,39.04523467041821,30.456407578874117,
24133,39.12743199318344,30.52605181000818,
24184,39.1853787948489,30.551064913297235,
24250,39.277421208144006,30.64310044659461,
24310,39.33666060997665,30.67001252571351,
24356,39.371949092638374,30.667284883692535,
24415,39.43256700376222,30.696473871547354,
24504,39.58900655697357,30.997280365084084,
24592,39.75087649068466,31.31752154547785,
24649,39.809013347000786,31.341757530347458,
24732,39.95075830610656,31.58080387467548,
24826,40.117556057044965,31.916340728159348,
24880,40.16113660482541,31.92081781797766,
24969,40.315567246638544,32.20326920558166,
25062,40.47928924654445,32.520284560107285,
25159,40.642132655564254,32.83073117765669,
25224,40.70586907516866,32.8610226027576,
25319,40.85894283864139,33.13072971525909,
25373,40.90666170739507,33.138554128695176,
25424,40.95740323055314,33.15009829267134,
25475,40.98986924064976,33.14290451544477,
25574,41.15342451614203,33.45219641038849,
25643,41.23680300017448,33.51709473301867,
25701,41.28937460545867,33.530619745719534,
25786,41.421822784081186,33.72499829170029,
25858,41.51658296301206,33.81413866711254,
25949,41.66923098974181,34.07690403667918,
26028,41.78658311867075,34.22289455898611,
26102,41.89127659688418,34.334480197605174,
26196,42.052555086971765,34.62616655388149,
26277,42.1729100399349,34.77837247828019,
26338,42.225545827288435,34.79050461303167,
26386,42.25892092719107,34.78289920599605,
26484,42.421639253897,35.07743934954921,
26533,42.455948569531486,35.07038591259339,
26582,42.492462965499755,35.065238752496384,
26635,42.536087523751945,35.0669257326309,
26699,42.60139179632168,35.09679990054812,
26762,42.65744355066546,35.11331853051711,
26812,42.705445551295135,35.119887669103306,
26874,42.75782701170572,35.13175531625801,
26940,42.82372651739394,35.16277222849612,
27009,42.91798586586185,35.248039030129085,
27100,43.069553109350736,35.50061121251186,
27179,43.18449696905853,35.63618877568387,
27276,43.35003278117809,35.938314401305945,
27337,43.41928361294743,35.97343631224356,
27428,43.56987037968941,36.21801324981404,
27502,43.66249045808034,36.29688122848721,
27608,43.830479668186626,36.6038615706446,
27702,43.982787075635706,36.85052392080377,
27761,44.040424084900366,36.86718202360747,
27854,44.193904292707785,37.11657476402229,
27929,44.276152363983904,37.1724176271843,
28036,44.45054253424995,37.49815982593232,
28136,44.613896633375916,37.77904221386177,
28237,44.77793952012492,38.06043594276464,
28335,44.92775836158256,38.28994619259886,
28436,45.08731986538759,38.55165789526877,
28521,45.22658026650233,38.7445444924324,
28572,45.25392328491537,38.730303896793544,
28667,45.40586718335114,38.96343173862157,
28768,45.560118363772936,39.20298406314732,
28862,45.702247238452905,39.40185326669631,
28962,45.86001637352114,39.65085343522176,
29054,46.0099217984822,39.8721470593164,
29151,46.15805136172573,40.08656228681651,
29241,46.30176885817207,40.28605245549757,
29339,46.455780921787856,40.517418963569575,
29429,46.59459499812944,40.70009698988828,
29533,46.75847702347087,40.96257906869679,
29634,46.923907956222315,41.22882574280005,
29735,47.081095580082845,41.46549608329674,
29841,47.23841320071169,41.70130492670924,
29944,47.39385856793343,41.92974671162958,
30043,47.547442731334165,42.1510426113378,
30143,47.70935951440161,42.39837377860643,
30255,47.880872961664856,42.677178099838656,
30354,48.04172820663452,42.9180494327544,
30457,48.201305908205235,43.153467511499386,
30567,48.366385285274454,43.40575310511147,
30657,48.502211402344486,43.56782921128072,
30758,48.6544596782614,43.77698951186655,
30858,48.80606784631389,43.98326109438777,
30957,48.954751616272624,44.17985103724599,
31038,49.08693777382583,44.32944888388581,
31133,49.22798593860129,44.50268306538278,
31231,49.370820973139516,44.68033171265056,
31314,49.5004862524038,44.821837605850476,
31415,49.644496464038056,45.001705153635804,
31491,49.754207283713654,45.09521515478521,
31605,49.921724864803245,45.34612860314753,
31709,50.071447325944604,45.54052618070814,
31810,50.217962832875926,45.72488889196469,
31913,50.36366321548972,45.906251660163946,
32020,50.519331348751535,46.116084375116735,
32126,50.672166042154004,46.31657914258846,
32223,50.79919437073217,46.44665735633309,
32340,50.95949241445769,46.66838844581536,
32464,51.13267277134485,46.93024788150471,
32573,51.28182039898094,47.11686821003749,
32670,51.42345703501396,47.2820281371749,
32758,51.55856496824142,47.429512919903416,
32867,51.71389688064488,47.6322469435562,
32970,51.85448798216059,47.792988499982755,
33073,51.99542450745031,47.954166153170874,
33154,52.11909389125529,48.07187363480065,
33261,52.2686339470621,48.25574948112911,
33369,52.407505197107376,48.410169382813365,
33464,52.53926624069867,48.54616468924885,
33569,52.6752759532601,48.69245894622156,
33663,52.8070087973288,48.82770418474749,
33771,52.95262781834356,48.998450643391806,
33875,53.09545810188782,49.16120204640364,
33942,53.137634379405114,49.150825412757165,
34046,53.271773389902044,49.29106682514208,
34136,53.39848509744886,49.41303437246182,
34209,53.46762864181187,49.43040115350918,
34299,53.58273830999497,49.52629006069814,
34399,53.717952993569895,49.66858327768278,
34498,53.85290615452325,49.80987685710526,
34597,53.98339155604821,49.93990709220958,
34649,54.0071222251038,49.91801271696216,
34729,54.113086666766925,49.994609237081036,
34819,54.23170902529678,50.09734209583188,
34878,54.26642905314698,50.08137690278755,
34981,54.403173197366044,50.22680830206868,
35040,54.44938012518095,50.2193982682067,
35101,54.49532740018263,50.21182471247915,
35162,54.53283675732503,50.197799523143985,
35232,54.59578189256298,50.207473305712796,
35319,54.70740225745056,50.29582217561052,
35371,54.727579582829044,50.272602113740234,
35428,54.7575872140947,50.25400406162158,
35494,54.809828697187996,50.252435944124024,
35583,54.91985727263483,50.33799486790982,
35666,55.007956724083286,50.38316752164533,
35719,55.02511103626129,50.3590097925359,
35809,55.1371198572242,50.448803654764326,
35864,55.16091718381418,50.42720073846218,
35932,55.209852942614475,50.42267337303804,
36026,55.328904676128964,50.52788389552199,
36104,55.40554899839822,50.5557568834378,
36200,55.525453164795444,50.662780427672374,
36260,55.5558313961891,50.64453154770863,
36311,55.57704812754565,50.62192578668617,
36369,55.60485246618596,50.602382102486324,
36474,55.74046404267192,50.74736031490625,
36583,55.879623687536586,50.90105169511292,
36682,55.996893189886855,51.002195382175614,
36734,56.013567392234314,50.97793299937421,
36793,56.041057502630096,50.95816837635066,
36864,56.09802783173229,50.961689970343734,
36961,56.22218093705352,51.07879001436614,
37067,56.35669205660726,51.22060915865665,
37165,56.468532108341826,51.31019829498486,
37254,56.584146545053244,51.40766224229917,
37356,56.71020028219131,51.52840624366253,
37456,56.83478982002989,51.64552400772409,
37559,56.96234906451064,51.769361794009946,
37642,57.047241408152374,51.809133549851026,
37714,57.1001894529312,51.80815145222203,
37816,57.23209211223492,51.942412589241975,
37925,57.36846856753895,52.08746819032658,
38005,57.47377874951621,52.16291608643776,
38110,57.60300446209643,52.29003984834109,
38212,57.72871027562598,52.40865067756463,
38297,57.813194677716844,52.44731834227272,
38364,57.87281797932423,52.45299965015891,
38462,57.993836198164395,52.5609607207324,
38555,58.10807701134886,52.65408700092243,
38660,58.23478311387958,52.774713887861324,
38756,58.34470112880883,52.8586475153182,
38861,58.47364545955707,52.984206539959324,
38977,58.61787046380083,53.14774789663917,
39082,58.74475037432487,53.267869733985066,
39177,58.85767495048929,53.35721007701207,
39267,58.97287856761618,53.45120392887591,
39365,59.08711340048098,53.54306078248646,
39472,59.21062389631074,53.65491812677981,
39569,59.32535800321617,53.747559107115784,
39628,59.3511067692715,53.72620495233462,
39720,59.45798828136874,53.803088128404404,
39831,59.58497610682587,53.92275122013192,
39932,59.7016303589947,54.01930240086448,
40039,59.83277596345854,54.148374785011825,
40112,59.878336355009985,54.139795224156714,
40221,60.01002175916123,54.27012045411337,
40327,60.13935189125329,54.39461184068365,
40391,60.1667960673417,54.37394835400104,
40492,60.28743616485525,54.47874638981727,
40599,60.420154414143674,54.61114275278331,
40688,60.53393066032498,54.70099645630552,
40797,60.67089858655926,54.843375647104516,
40897,60.794800622220315,54.95465542833967,
40989,60.90245078233057,55.03179071022228,
41079,61.01067739050843,55.109996932194676,
41168,61.11462401565139,55.17995281466083,
41282,61.245454849243195,55.30679542763926,
41389,61.370102301973674,55.419181069806434,
41500,61.5057366054697,55.55711126793863,
41598,61.62303000363848,55.6530937557721,
41699,61.748332400562326,55.76640701425057,
41799,61.862405649056,55.85544102710907,
41912,61.99510485074832,55.98557668728129,
42003,62.1042942855236,56.06457016835029,
42100,62.215472793248644,56.14743095593189,
42193,62.327163725838545,56.23124662405399,
42296,62.44640288119469,56.33057553999757,
42400,62.56521817476281,56.428883747392014,
42489,62.67037969463638,56.49977614774409,
42596,62.797164460251715,56.615389542205676,
42711,62.931017588146304,56.74723589150142,
42824,63.059864348423126,56.8671307877057,
42929,63.18549124682755,56.979545695749785,
43039,63.31436468313551,57.09913150874465,
43135,63.42596121199705,57.18166177844153,
43242,63.55305019533319,57.29692306924004,
43347,63.67231658049673,57.39493697573691,
43453,63.79249934120262,57.49478167737208,
43551,63.902870665588935,57.574494100045136,
43667,64.034169719969,57.69887311308827,
43768,64.14210310195136,57.77366805312984,
43856,64.24182220816107,57.83335225341307,
43961,64.36166741746149,57.93205975848355,
44059,64.47383339190364,58.01493286858865,
44152,64.58294214824036,58.09177509341071,
44245,64.68755274070472,58.16009201526541,
44340,64.79282581230235,58.22961003499039,
44449,64.92343617220601,58.35177011917772,
44531,65.00726178044343,58.38539053135231,
44617,65.09715355399184,58.428335742266846,
44693,65.16494474135126,58.44057249652586,
44768,65.24273394470187,58.46570888102196,
44856,65.34056713012772,58.521965624506294,
44937,65.43187082847318,58.56732243352795,
45053,65.56838705700838,58.70357130535064,
45166,65.68593415442048,58.79711621329658,
45270,65.80069115122215,58.8848602121164,
45367,65.9056759666013,58.953626940039015,
45471,66.02005151623922,59.04049651497247,
45570,66.13266488289258,59.12377506420698,
45685,66.25621003880865,59.22968225970217,
45780,66.36024316222547,59.296451740602606,
45887,66.47726349441348,59.3884155067829,
46003,66.60467521646409,59.50257829690578,
46100,66.70444914224836,59.56152092011743,
46201,66.80304087057685,59.61840248425701,
46311,66.92359775939377,59.71749672766627,
46390,66.99916400526362,59.73913429430492,
46490,67.09900474761176,59.79817687495134,
46556,67.12618045134808,59.77620846083874,
46654,67.2275694797512,59.83813605248958,
46746,67.31956197629674,59.884094880032045,
46862,67.43837701046836,59.97972705098776,
46952,67.53804899187674,60.038559338658956,
47033,67.62436628952294,60.07558236461411,
47138,67.73392068074052,60.152601194467636,
47241,67.84476299223674,60.23206600082829,
47335,67.9427453216245,60.28792053161477,
47425,68.03958767831627,60.34182821856412,
47541,68.16080760528587,60.442372248754744,
47651,68.27376994747074,60.525855990666784,
47743,68.37286966980648,60.5835177305077,
47848,68.48538850493541,60.666062429439734,
47934,68.57402496156655,60.70646271665539,
48044,68.6938472256288,60.803849502011616,
48143,68.79205715845116,60.859879491415555,
48250,68.89555777955279,60.92525703792137,
48354,69.00747311680172,61.006486478032045,
48450,69.10568112626876,61.062454813991785,
48561,69.22533895629388,61.15931820144282,
48660,69.32659097174752,61.22052618431332,
48777,69.45005545049037,61.32536887690882,
48888,69.57109100122611,61.42489899687793,
49006,69.69610945802147,61.53287445264014,
49118,69.81059147213918,61.61870550928058,
49205,69.89974284317945,61.6594799902364,
49304,70.00320083590755,61.72432585101766,
49411,70.11670290552085,61.80816310301059,
49509,70.21884201360231,61.87057713764911,
49622,70.33344100870042,61.956523007029425,
49735,70.44849771468266,62.04331850418753,
49837,70.55229815621233,62.108590813939216,
49955,70.67415757300562,62.20932999749265,
50046,70.77201590721015,62.2640713144669,
50152,70.87467406635119,62.32719512978612,
50246,70.97708527347099,62.389867117086254,
50349,71.08493703727416,62.46248349831883,
50449,71.18013552619053,62.51271404964656,
50561,71.29028172358593,62.5896652277591,
50669,71.39778316371896,62.661568220633725,
50757,71.48987786971924,62.706695869463964,
50869,71.59756334725239,62.7789388165625,
50969,71.70307309295913,62.84711779295653,
51068,71.80567144382319,62.91000741661019,
51163,71.90513537093618,62.96737993579539,
51270,72.00731143373591,63.029507496734894,
51383,72.12243230322015,63.11607570096191,
51488,72.23006742878613,63.18809150670768,
51598,72.34382456070814,63.271849681646955,
51698,72.43811060183252,63.32037367881824,
51790,72.5238862966832,63.35559911976678,
51891,72.61428811382349,63.3979409601891,
51993,72.71630392574114,63.45973068670268,
52102,72.8271543449825,63.537852488330664,
52205,72.9380287284652,63.615976474376076,
52293,73.02236849347608,63.649067846849555,
52390,73.11859541873116,63.700847068356104,
52482,73.20967689176031,63.744260384266596,
52574,73.28933422361924,63.770737809794554,
52680,73.39552809352885,63.84014584610285,
52790,73.50249248354599,63.91095774517662,
52889,73.60326768605822,63.97056887795125,
52990,73.69313884543772,64.01210611903349,
53086,73.78846022644042,64.06244442623677,
53183,73.88220034550149,64.11019504300741,
53274,73.97136154767836,64.15067725631548,
53377,74.07698672811455,64.21908163526014,
53481,74.18080228853849,64.28416887182422,
53588,74.28539289698318,64.35064596230607,
53699,74.39076595792876,64.41853388082379,
53798,74.48650408978395,64.46955739442171,
53896,74.58598555221893,64.52694540035897,
53976,74.65549862670953,64.54028750603744,
54082,74.75917433311328,64.60516678442767,
54186,74.85384056470329,64.65448714920792,
54288,74.95826854543866,64.72072948889382,
54384,75.04158989915108,64.75247882024725,
54462,75.09344953104713,64.74722679616472,
54560,75.19513160243743,64.80869131044415,
54645,75.26257984164667,64.81969965799016,
54749,75.35959661755889,64.87316139157268,
54851,75.4555404310508,64.92482478970071,
54951,75.55423952436233,64.9811731918285,
55058,75.64767190825118,65.02870086842849,
55146,75.72437613739324,65.05142025998522,
55250,75.82565963545629,65.11235642652017,
55350,75.92180857350797,65.16444268497854,
55440,76.00341305321018,65.19397730678489,
55547,76.10398686827033,65.25371616699911,
55656,76.21029708636085,65.32380684723228,
55745,76.29193468828876,65.3534051084015,
55854,76.39247267239561,65.41310303244784,
55939,76.47417744607404,65.44283050627993,
56038,76.56344914730849,65.48389645473662,
56145,76.66006446484708,65.5369123986643,
56237,76.74007112294464,65.56430340418363,
56336,76.82746153342102,65.60253899900856,
56447,76.92534541261665,65.65780078252293,
56561,77.02930088563792,65.72377879344278,
56666,77.12307398842435,65.77214136156633,
56766,77.21693676909095,65.82066512938283,
56869,77.30655294891979,65.8623888983244,
56962,77.38322697632722,65.88530699677074,
57052,77.46850111376112,65.92045860638677,
57154,77.5594999136524,65.9644758686176,
57239,77.6386728466223,65.99088903475702,
57329,77.71414656622926,66.0123277481633,
57435,77.80622286922939,66.0581953653527,
57542,77.90437173244045,66.11420615426559,
57637,77.98815439206523,66.14730516818719,
57733,78.07724218644327,66.18848051674362,
57831,78.17112769295646,66.23737977715062,
57939,78.2646548097328,66.28570267353253,
58017,78.30556698885444,66.27194875852943,
58125,78.39897309137957,66.32019879798719,
58212,78.47557967136714,66.34336866241324,
58331,78.58038312807145,66.41153710260666,
58425,78.66183206850225,66.44146156027794,
58519,78.74141332282869,66.46877648673058,
58626,78.83973662263783,66.52545574006139,
58732,78.93298719998833,66.57358899026252,
58836,79.02528398552977,66.62017923210342,
58945,79.11881787359432,66.66880773579021,
59053,79.21012101918677,66.713821284943,
59159,79.3001962470141,66.75689275319385,
59261,79.3893235869578,66.7984894624415,
59363,79.47815313286345,66.83964187659294,
59459,79.5648952169915,66.87758937687892,
59570,79.65834346001115,66.92620799533329,
59671,79.73548197289851,66.95032547950404,
59773,79.82341516159616,66.9901910206797,
59867,79.89884845379667,67.0120736030089,
59955,79.97293082962544,67.03221461055743,
60050,80.0533914959309,67.06109964888797,
60150,80.1363000087855,67.0935516018569,
60256,80.22871749706148,67.14076192585426,
60334,80.26296316896072,67.12286847181325,
60431,80.34632732015042,67.15613355053998,
60509,80.38509343422301,67.14121867848895,
60615,80.47230068439413,67.18041614223189,
60709,80.54559138749089,67.19984786669343,
60806,80.6276842762434,67.23144700631059,
60910,80.71789625284484,67.2754835648141,
60964,80.71380156053286,67.24747778303426,
61069,80.79755254738633,67.28167764901137,
61172,80.8878540556616,67.32603476156932,
61274,80.97154869091177,67.36019638862761,
61368,81.05261657061958,67.39054086352085,
61470,81.13478328464532,67.42251343839061,
61572,81.2189809000559,67.45752290061867,
61681,81.31100846731114,67.50483660108802,
61782,81.39365668583704,67.53758620473708,
61890,81.48290634795909,67.58046739350658,
61960,81.49820481329755,67.55450555086938,
62051,81.55075417379803,67.55112627366061,
62158,81.63926911888663,67.59306894416851,
62266,81.72443634742343,67.6298436598015,
62370,81.81138544555252,67.6693821929434,
62471,81.88340186255168,67.68774765969346,
62575,81.96419832230654,67.71814232605271,
62675,82.04470086186441,67.74814579394373,
62782,82.12934289772778,67.78429396175848,
62888,82.21235546527396,67.81802581825703,
62989,82.2937291045442,67.84937665749518,
63081,82.36274387093995,67.86412306773398,
63159,82.39049393844965,67.84313718003328,
63259,82.46909567271096,67.87069528799653,
63342,82.53809987717999,67.88558037485853,
63450,82.62650372774847,67.9279131261225,
63547,82.69676769798973,67.94442963250616,
63642,82.76941453099002,67.96404669421487,
63741,82.84820216144254,67.99206076450334,
63843,82.92245236203806,68.01386581558735,
63940,83.00155347099432,68.04240045687665,
64039,83.08197183857997,68.07285916166045,
64144,83.1650456672733,68.10725717053488,
64249,83.25061803573797,68.14547663842706,
64350,83.33273155402856,68.17849669643937,
64454,83.41363401590267,68.20976734395177,
64552,83.49184046995593,68.23720276770173,
64656,83.57213700315432,68.2676590915441,
64763,83.65934653566747,68.30859004045035,
64862,83.74554380263021,68.34795808285153,
64968,83.82674547058905,68.37980307136093,
65075,83.91221539013313,68.41809897785988,
65169,83.96959277271151,68.42018121836479,
65285,84.05782854419228,68.46291380741822,
65376,84.12585718710702,68.47712665902323,
65482,84.20895995250177,68.51198398720571,
65586,84.29098309391843,68.54525563531959,
65697,84.37575858043151,68.58270933241084,
65793,84.45263206195975,68.6086262591047,
65900,84.53274075410856,68.63917650329999,
65973,84.5582104188466,68.61748561802939,
66050,84.58881533790853,68.59844528859948,
66150,84.66242841767733,68.62014990682779,
66248,84.7420792621966,68.65029675791455,
66347,84.8171115181327,68.67398324923417,
66436,84.86843004982468,68.67046263542224,
66530,84.93418782039296,68.682370763479,
66626,84.99675998060577,68.69059817052094,
66730,85.07930863608787,68.72527973933717,
66819,85.14467517638471,68.73682707117769,
66921,85.22171516200713,68.7635757035172,
67009,85.2917283441407,68.7809311278066,
67115,85.36680950916133,68.80503767468501,
67216,85.44666415510173,68.83593233491453,
67316,85.52924565607545,68.87090211374642,
67414,85.60689077690743,68.89867144921698,
67506,85.67836922231761,68.91806719106197,
67608,85.75742736167362,68.94793575615373,
67709,85.83305976781602,68.97298677469752,
67810,85.90905547697852,68.99857609860791,
67901,85.97547479530041,69.01171053723147,
67993,86.0261882502247,69.00802596155565,
68069,86.05723922647198,68.98963478709409,
68145,86.08630330074328,68.97018460863724,
68242,86.15229210242363,68.98303680879889,
68342,86.2219179858712,69.00046524155383,
68444,86.29642621717599,69.02440625487733,
68546,86.37544318445269,69.05475222382476,
68653,86.45665443756957,69.08836416535885,
68760,86.53905847972972,69.12379944078106,
68865,86.61580274966654,69.15096222102883,
68960,86.68561925745561,69.16879954101441,
69062,86.75829828089499,69.19043601256502,
69159,86.82786807904571,69.20802783245918,
69231,86.84717995711443,69.18441172717925,
69339,86.9267819591617,69.21595005938735,
69429,86.99317575307353,69.22969181324602,
69465,86.97697712476828,69.20511442480246,
69559,87.04421105564519,69.22001219486931,
69666,87.12536289214384,69.25408155228726,
69774,87.20752864660665,69.28971043131703,
69835,87.21254655773971,69.2629987510531,
69934,87.28410675866417,69.28362627780976,
70044,87.36445125909283,69.31667824496304,
70146,87.43593644064205,69.33726407702439,
70238,87.49974748291496,69.3482367326968,
70346,87.5831480488931,69.38606182024492,
70432,87.64013310719949,69.3894192193446,
70533,87.71044890919627,69.40861428322359,
70627,87.77683452983574,69.42284248011717,
70733,87.85128515869594,69.44769197040797,
70809,87.86889245935465,69.42378522820718,
70914,87.93985321283877,69.4440196353719,
71005,87.99815205645112,69.44900819282542,
71117,88.07493470228938,69.47736474613357,
71208,88.13874241699484,69.48870293327784,
71307,88.21044197020547,69.5100812470094,
71410,88.27957039276563,69.52810646335871,
71509,88.34520290824695,69.54175794209029,
71594,88.3956591645192,69.53894367285885,
71697,88.46987938033247,69.56394514461526,
71797,88.53706626616398,69.57965233863142,
71899,88.60782491812384,69.60001961295666,
71993,88.66923090461819,69.60881797872275,
72102,88.74288967633605,69.63320077088791,
72209,88.82062091735,69.6634083123161,
72300,88.87798443320615,69.66777850016075,
72394,88.93825237552048,69.67540325104774,
72499,89.01107250833168,69.6987924808744,
72597,89.07367851758234,69.70918838007009,
72683,89.12848821742955,69.71099624225745,
72780,89.20079543517441,69.73381915047635,
72884,89.26943225199383,69.7517948920776,
72993,89.34772788746919,69.78319952888569,
73100,89.42452622345988,69.81243814802629,
73194,89.48673452249821,69.82255099192095,
73290,89.54728900080589,69.8307835653451,
73383,89.60870836396852,69.84005287201339,
73479,89.67617460067959,69.8567357240489,
73578,89.74061625470185,69.86967733204831,
73676,89.80026798653456,69.87702542426696,
73773,89.86317786253983,69.88819800050294,
73879,89.93031798969085,69.90462648782218,
73985,90.00068125329192,69.92529624660985,
74079,90.06502625292363,69.93830301226502,
74160,90.09257684146154,69.91921958007796,
74258,90.15711056266379,69.93256205540169,
74335,90.17305453638521,69.90872617576821,
74420,90.23108175354147,69.91458153204587,
74522,90.29337107750482,69.92536373083796,
74630,90.3631199744857,69.94557664262426,
74741,90.4367571755431,69.9711417795203,
74835,90.4946561563254,69.97697795506399,
74927,90.55519193487514,69.9858358095209,
75034,90.62356045509142,70.00438129146833,
75122,90.67817287124905,70.00678406229117,
75207,90.73086147089845,70.00725016403713,
75308,90.79446419431312,70.01991008485297,
75415,90.86744984632011,70.04488483467419,
75523,90.93673228381633,70.06484037354345,
75620,90.9958034816568,70.07226087264958,
75723,91.06480650292653,70.09192473943176,
75824,91.12659717731326,70.10256618338563,
75928,91.19401478125987,70.1202282167244,
76015,91.24566560096692,70.11988163804213,
76117,91.30976585376078,70.13343394484983,
76195,91.33401060792824,70.11313225282447,
76286,91.39453670995545,70.12249706903681,
76383,91.45414043920844,70.13083094148274,
76490,91.52092091409517,70.14794995755787,
76586,91.5875235155688,70.16487413243922,
76669,91.64148022711149,70.16711336485143,
76778,91.71428320897391,70.19246969482559,
76844,91.71427195019825,70.16662087554866,
76942,91.77732716461374,70.17927943000817,
77038,91.8306575853503,70.18101608748326,
77145,91.8965908449018,70.19735226908074,
77236,91.9501029064134,70.19934173171751,
77346,92.01544742042846,70.21501032833395,
77446,92.07676047754414,70.22575817487606,
77555,92.14239492194325,70.24186874180712,
77659,92.21004870828284,70.26062787556894,
77733,92.22469050389884,70.2370090642571,
77810,92.24226870474666,70.21434090127768,
77913,92.30379590839732,70.22557338085245,
78016,92.36741271997111,70.23938997484805,
78121,92.43059840423318,70.25270822803984,
78204,92.47564614960245,70.24690684385337,
78300,92.53490349012418,70.25561584939078,
78394,92.59005531240341,70.25977171839493,
78492,92.6493780276235,70.2686327357761,
78551,92.63965122858093,70.24402042439087,
78633,92.69077833056724,70.24411668841539,
78717,92.73807853276068,70.24055795100843,
78809,92.78129400055285,70.23340898972795,
78908,92.84201009550495,70.24415208088553,
79016,92.91228767123991,70.26723053976599,
79111,92.96683491337859,70.27104672965525,
79186,92.97933547213422,70.24717397806108,
79289,93.04211285762334,70.2605888486753,
79391,93.1042742338407,70.27327995666485,
79491,93.1666241937148,70.28623674764299,
79593,93.22662730538853,70.29639704885466,
79690,93.28236396328705,70.30172145123224,
79783,93.3396692203293,70.30883221447253,
79884,93.40463930122709,70.32523485377159,
79989,93.46732931672754,70.338794093855,
80081,93.52196804233826,70.34304770918386,
80185,93.5857271120593,70.35802012740221,
80298,93.65663917222219,70.38255900697499,
80376,93.69830188290425,70.37452130561593,
80480,93.75792451334418,70.38454793074483,
80583,93.82259471611883,70.40082974170156,
80683,93.88471461959594,70.41393629565779,
80785,93.951939786626,70.43363011401448,
80880,94.00045643807054,70.43185225098455,
80976,94.05282179143826,70.43396910958235,
81069,94.11080843336241,70.44229071667893,
81170,94.17564165750429,70.45901378727443,
81271,94.23793232588045,70.47255134737621,
81375,94.30584004021907,70.49340529145863,
81486,94.37362502175631,70.51412285267287,
81568,94.42216754397502,70.51255672261185,
81668,94.4834577122036,70.52499390210922,
81767,94.54867571759402,70.54242363382868,
81878,94.61609300875699,70.5627970103363,
81986,94.68473819385551,70.58486870237341,
82089,94.74301520849116,70.593818820223,
82195,94.80783351051879,70.6108544463445,
82299,94.87010578486877,70.6246844740692,
82409,94.93884892579614,70.64703180872168,
82495,94.98502114484184,70.64343554159984,
82590,95.03939728774228,70.64814145167573,
82698,95.10507812736965,70.66649086380681,
82810,95.1760503058654,70.69212305727682,
82912,95.23566426029168,70.70289851853416,
83018,95.29439862168127,70.71266219058971,
83115,95.35476359022114,70.72441053886679,
83173,95.34369596519751,70.70078756149505,
83264,95.39964516391667,70.70746455090745,
83361,95.45717158965108,70.71597781744747,
83474,95.52581093282258,70.73864833948481,
83556,95.5575564212151,70.72401876854217,
83652,95.6161692176991,70.7339134375921,
83753,95.67718281740642,70.74673997835814,
83859,95.74008687054344,70.76196425568271,
83969,95.80587770075718,70.78097282893869,
84068,95.86260681769868,70.78878995049278,
84165,95.91868000414013,70.79589242103583,
84280,95.99063161884554,70.82359716492826,
84386,96.04961908113691,70.83414494644474,
84499,96.11957630241669,70.85904977167982,
84597,96.18033894673385,70.87180469196873,
84688,96.229615903882,70.87177953630365,
84795,96.29026386954014,70.88446843637038,
84904,96.3543325468241,70.90151870787048,
85010,96.41680811940249,70.9165523117986,
85108,96.47885795225037,70.93107835933284,
85199,96.53214879727759,70.93536773687964,
85303,96.59033115886871,70.94523646290759,
85408,96.64932466897706,70.9561049750466,
85511,96.70714252508087,70.96560766112313,
85621,96.7695740350248,70.9807942344843,
85718,96.82310317937569,70.98549055349555,
85815,96.87453704667607,70.9879774392656,
85922,96.93838327780013,71.00509971062729,
86022,96.99659041225831,71.01522535552121,
86118,97.05492694565763,71.02553732537059,
86213,97.11260494397783,71.0351006589694,
86310,97.17060477300474,71.04507704519537,
86415,97.23398761951711,71.06177062954315,
86507,97.28621984130979,71.06529765675005,
86607,97.34262147522763,71.07349760128601,
86715,97.40361645300452,71.08725643668068,
86825,97.46651679668899,71.10346638986535,
86922,97.52530383378513,71.11457166768093,
87029,97.58379624271801,71.12535392370252,
87118,97.63094224278157,71.12385815775876,
87208,97.67699355037077,71.12134703662554,
87313,97.7371521746899,71.13427867865536,
87423,97.79925508207255,71.14968680664751,
87527,97.85627595189315,71.15889319722224,
87635,97.9128583579492,71.16761847062955,
87730,97.96232104291393,71.16859462978611,
87824,98.01414346969705,71.172068726779,
87919,98.0685747720762,71.1784361843776,
88012,98.11972482026889,71.18125885297168,
88112,98.17691964576863,71.19088085925056,
88207,98.22797791602372,71.1936672039632,
88320,98.29195286707638,71.2118551060993,
88419,98.34484073632866,71.21666391609936,
88511,98.39556984339373,71.21918883923425,
88616,98.45656471522535,71.23362988554533,
88721,98.51066064953736,71.2398701718139,
88823,98.56559904468261,71.24709530157027,
88919,98.62207200460398,71.25612660317407,
89014,98.66929854047665,71.25523213680188,
89126,98.73207554936916,71.27214514911078,
89227,98.78332304716156,71.27542045136559,
89334,98.84133298616068,71.28641369025245,
89430,98.89556562851841,71.2930251248293,
89525,98.94149715839022,71.29100894774449,
89628,98.99408213997978,71.29585626794706,
89727,99.04506143705682,71.29900144661742,
89834,99.10202083227101,71.30891364779342,
89934,99.15482030182865,71.31409012508296,
90027,99.2039895453924,71.31543145842058,
90140,99.26565126644556,71.33127660700018,
90238,99.3223169167449,71.34096875988728,
90338,99.37327552071677,71.34426512324923,
90438,99.42303418886858,71.34632795701296,
90554,99.48585660997564,71.36382948384603,
90642,99.52854423109235,71.35909344800018,
90741,99.58104829326247,71.36419048320576,
90848,99.63518842814324,71.37115002250901,
90951,99.68904107892192,71.37781464421772,
91057,99.74454486314481,71.3864074109369,
91158,99.79433955020006,71.38871119787747,
91258,99.84649661517165,71.39358012124852,
91367,99.9019166629461,71.40217488055227,
91445,99.92450865305904,71.38382632704568,
91540,99.97545528767525,71.387487783783,
91640,100.02655044458737,71.39134037917391,
91752,100.082473765779,71.40067723581366,
91812,100.07396999009337,71.37777893488897,
91914,100.12327125300789,71.37983673037185,
91992,100.13397065578803,71.35742399691715,
92097,100.1867939725835,71.36336917637713,
92167,100.19058853527358,71.33993446345107,
92267,100.24243680437395,71.34488076392996,
92372,100.29417987527184,71.34974222396761,
92456,100.31752539810086,71.33199403291309,
92568,100.37366994387293,71.34197900216319,
92639,100.37919892025268,71.31880157406466,
92742,100.43050169882945,71.32333626643276,
92844,100.47776725995965,71.32366416657875,
92948,100.52859376996265,71.32774484754228,
93049,100.57879243095678,71.33117988253707,
93148,100.62857864336229,71.3342056074002,
93238,100.67317191606635,71.33203004618278,
93336,100.72238513797697,71.33451468929405,
93448,100.77815368706543,71.34438539270637,
93545,100.83196804256542,71.35199543570009,
93644,100.88367204960628,71.35725269315884,
93721,100.91290342423716,71.34306524828965,
93830,100.96358331940361,71.34727348382542,
93934,101.00916725616541,71.34625221998135,
94007,101.01741371655196,71.32369296399544,
94111,101.06649331569872,71.32630016500865,
94213,101.11939564686476,71.33312681659612,
94313,101.16436774167786,71.33163780336423,
94414,101.2138790142439,71.33479352196436,
94531,101.273059286439,71.34929247850776,
94629,101.32272512770155,71.35266558876775,
94725,101.37107994467314,71.3546837722128,
94803,101.39335996043613,71.3368676879736,
94899,101.44266029742154,71.33995605239825,
95003,101.49349078231357,71.3447290150348,
95086,101.52957232472414,71.33567858663353,
95188,101.57831181864728,71.33826920816104,
95303,101.63612863545929,71.35135573509676,
95418,101.69368461063446,71.36414398813541,
95524,101.74867745494507,71.3738355749585,
95628,101.79971163753063,71.37900745076962,
95730,101.848935356944,71.38224060990989,
95824,101.89294871528816,71.38023248190225,
95928,101.94193037577938,71.38327036341546,
96027,101.99231907619897,71.38785667483316,
96136,102.04934127153795,71.40021652582652,
96243,102.10281350084384,71.40833859053893,
96345,102.15441584948711,71.41435162836069,
96453,102.21087887519276,71.42611169099055,
96560,102.26203628096597,71.43168059839233,
96664,102.31196022777118,71.43591980351245,
96775,102.3634225895868,71.44188894274593,
96871,102.40307552158653,71.4361465822924,
96976,102.45779411131038,71.44595674316506,
97078,102.50924449344407,71.45200474275177,
97182,102.56010186637498,71.45741842467358,
97279,102.60406778022526,71.45571439368801,
97381,102.65669418250394,71.46319408727753,
97481,102.70817312201615,71.46939428090724,
97560,102.72576325820478,71.44997696081012,
97652,102.76669257231129,71.44556289057056,
97745,102.81074350023012,71.44408869933896,
97823,102.83139744224509,71.42601768839579,
97906,102.86276964519585,71.41410094518568,
98007,102.91349744409746,71.41969073729092,
98106,102.95638293881936,71.41722964499408,
98214,103.00928072344888,71.42535824664603,
98320,103.06259488781104,71.43400198012989,
98429,103.11467462028368,71.44123935985681,
98518,103.15760408311448,71.4389160221914,
98593,103.17195503694509,71.41855036581399,
98653,103.16101485770233,71.3972543241456,
98750,103.20448840356744,71.39555900743802,
98839,103.24260882868491,71.38905892730737,
98897,103.23097176221255,71.36799244252825,
98994,103.27274659418917,71.36479241099197,
99098,103.32704044843025,71.3749589365698,
99191,103.36593462876722,71.369228998388,
99248,103.35433569023276,71.34822006037496,
99330,103.37254959521884,71.32942582031107,
99415,103.4032229800286,71.31743242796276,
99503,103.44069147304752,71.31062106133103,
99603,103.49065167546422,71.31600530665476,
99706,103.53677747160987,71.31731041702744,
99763,103.52290652448562,71.29705502490097,
99872,103.57305808086645,71.30275741609069,
99989,103.63161362461548,71.31869112595885,
