episode,reward
1,4.874971
2,4.495166
3,13.683190
4,-44.671673
5,-60.940312
6,16.815735
7,0.848820
8,0.794872
9,131.017330
10,-42.659811
11,27.435215
12,97.398974
13,-17.554949
14,79.962194
15,3.205278
16,-20.580144
17,14.827059
18,34.113886
19,9.349352
20,20.016586
21,30.502389
22,56.498659
23,48.580893
24,-23.417579
25,31.740066
26,22.046795
27,-1.625404
28,-24.210378
29,42.799948
30,-23.472921
31,-81.736877
32,-72.018397
33,27.678567
34,20.172944
35,61.851273
36,50.111728
37,-95.874528
38,19.173970
39,-25.695149
40,56.766029
41,195.927646
42,-108.805365
43,-89.202834
44,47.673085
45,5.487144
46,9.250391
47,242.191749
48,50.108830
49,52.544191
50,-25.593801
51,-91.884088
52,102.716425
53,-18.004971
54,-60.266299
55,-22.392893
56,-27.633318
57,-67.128903
58,342.729813
59,132.194441
60,32.243418
61,107.933390
62,75.866461
63,-20.372087
64,31.101901
65,155.883855
66,72.825939
67,18.162273
68,31.457405
69,63.864007
70,20.582738
71,77.237284
72,-61.906777
73,-17.381786
74,93.701926
75,-45.064001
76,36.362863
77,-26.247413
78,99.394811
79,-1.704797
80,-33.697295
81,-63.704913
82,-137.567507
83,15.123542
84,94.072005
85,-15.666708
86,-32.131312
87,43.445587
88,36.109054
89,-59.435610
90,33.056684
91,72.246941
92,-18.168892
93,131.631881
94,-10.199907
95,-57.278898
96,-73.680416
97,34.200928
98,24.245563
99,-80.494409
100,34.198843
101,-37.959910
102,-21.622795
103,46.457283
104,-36.131722
105,32.765855
106,26.699810
107,189.811686
108,10.392093
109,68.301002
110,16.493772
111,24.928101
112,-50.379370
113,-58.754478
114,111.131650
115,0.609099
116,37.870455
117,-17.680985
118,-59.990073
119,-21.998604
120,-54.076550
121,0.656696
122,27.295301
123,-103.576188
124,14.024199
125,-17.669296
126,46.786922
127,-70.360475
128,261.504023
129,-49.015435
130,-34.382276
131,-15.660413
132,42.510139
133,24.864319
134,40.910422
135,-55.071490
136,299.282007
137,64.587311
138,0.685909
139,39.309885
140,-16.256747
141,-0.160568
142,-43.487386
143,228.372805
144,-42.161053
145,73.048662
146,1.110384
147,-41.461486
148,-92.156739
149,-163.704898
150,-128.016463
151,171.102618
152,-98.875136
153,-11.178752
154,32.791348
155,-59.266568
156,63.027136
157,9.484217
158,-10.615190
159,50.928187
160,-14.000808
161,44.731974
162,9.947419
163,33.514679
164,-80.408879
165,-36.240716
166,-143.851731
167,-62.362659
168,-15.802243
169,2.199159
170,-1.509179
171,-31.186255
172,156.040578
173,16.127111
174,20.376989
175,55.937051
176,44.368230
177,-25.322419
178,11.636115
179,-27.868703
180,8.159410
181,251.957586
182,41.075546
183,-26.916551
184,49.953389
185,-23.732641
186,-19.872235
187,-81.613233
188,-25.718293
189,43.092695
190,-76.400995
191,57.175231
192,-17.002181
193,-80.678749
194,71.763607
195,-125.124317
196,-107.319762
197,41.096510
198,14.591305
199,-0.799348
200,193.962786
201,-176.996219
202,4.262153
203,48.203404
204,-38.346010
205,137.285379
206,-97.613764
207,-0.931821
208,77.232118
209,-80.498551
210,-154.066102
211,21.691733
212,-29.810457
213,40.862695
214,-13.613697
215,-0.025080
216,22.938095
217,46.714945
218,83.885070
219,72.012120
220,-10.299761
221,62.485417
222,-42.708700
223,15.836691
224,-71.171289
225,-7.253085
226,7.978044
227,42.524424
228,-66.935984
229,82.715386
230,-125.087873
231,-91.638882
232,-52.099201
233,60.999043
234,-12.365142
235,2.317628
236,-12.745770
237,-118.980504
238,18.778377
239,-38.387520
240,-1.002877
241,-96.249455
242,17.960657
243,-5.567222
244,-14.553579
245,-136.952186
246,-52.331685
247,-49.325646
248,220.373787
249,-91.556363
250,-35.421606
251,114.824042
252,41.489723
253,-125.553231
254,-12.313883
255,-59.238524
256,-7.214201
257,70.389171
258,80.339336
259,99.987622
260,2.280851
261,-43.808287
262,-38.413857
263,-140.356213
264,15.489233
265,84.817056
266,-35.534088
267,-62.518604
268,59.569510
269,-21.789407
270,18.880746
271,2.073915
272,84.667283
273,5.536155
274,3.618034
275,-19.052562
276,76.835173
277,-41.399819
278,115.749167
279,82.888826
280,-33.419253
281,-15.866225
282,58.166721
283,-146.561352
284,-4.525196
285,-79.225651
286,-34.546904
287,35.268708
288,-49.467630
289,-72.861496
290,-44.680242
291,-73.953870
292,-27.442997
293,96.143468
294,29.841147
295,50.169164
296,-27.595810
297,20.418880
298,106.868686
299,163.407202
300,-4.697386
301,23.072453
302,-31.130210
303,-20.975756
304,-9.330246
305,78.334010
306,-35.475627
307,-43.072252
308,-7.044453
309,24.764031
310,-12.038989
311,-32.836179
312,64.736589
313,-120.014925
314,-137.491513
315,319.705816
316,-122.594243
317,7.055598
318,-65.680831
319,-5.228411
320,-40.085545
321,-29.120812
322,42.159629
323,58.013551
324,251.576846
325,11.656487
326,46.637546
327,59.488030
328,36.577275
329,-41.127089
330,-25.457323
331,12.757843
332,93.712780
333,-4.684326
334,6.653867
335,19.147821
336,-65.669988
337,111.495240
338,25.235122
339,16.020427
340,226.441105
341,61.718777
342,31.934504
343,11.594853
344,37.723047
345,-45.749841
346,16.482783
347,-59.341330
348,284.318816
349,-73.581093
350,-173.391468
351,18.998304
352,-66.633025
353,-1.268607
354,-48.947051
355,-31.891035
356,-138.557241
357,8.085379
358,39.847064
359,-98.819884
360,95.683378
361,-41.893767
362,-35.369945
363,-30.963056
364,-70.746599
365,4.715972
366,-43.386459
367,-19.015684
368,3.798188
369,91.666949
370,-3.446416
371,-10.242633
372,-33.051619
373,70.215241
374,13.444485
375,-34.544428
376,61.704493
377,-76.056103
378,-33.589385
379,10.691958
380,-17.583659
381,12.877318
382,27.443450
383,-28.260949
384,3.395286
385,90.580210
386,-79.077481
387,-60.734589
388,120.075079
389,17.198896
390,-184.827647
391,-22.345984
392,-19.123708
393,29.117542
394,56.493908
395,-61.368711
396,-26.905025
397,-122.100856
398,-124.238911
399,-4.559814
400,-70.897147
401,-21.512727
402,-11.108333
403,2.742595
404,345.689803
405,-49.221120
406,-140.476738
407,42.056278
408,96.010122
409,4.996653
410,-63.766832
411,72.595316
412,-52.365065
413,-45.123419
414,102.037604
415,21.190245
416,-34.562965
417,45.283772
418,-17.742806
419,-19.375138
420,-115.736920
421,-26.108454
422,88.527686
423,-40.101463
424,8.794021
425,6.883160
426,-42.078372
427,29.192887
428,84.154792
429,1.879478
430,-36.221679
431,-39.916246
432,347.299407
433,30.938586
434,30.146902
435,-39.531684
436,-36.239805
437,-33.357499
438,-11.732282
439,22.003558
440,80.280239
441,54.774201
442,15.275018
443,-9.770953
444,149.336430
445,9.766053
446,-143.850970
447,12.050466
448,-50.587912
449,40.507324
450,-1.323694
451,36.986409
452,43.655389
453,19.814650
454,-103.622337
455,-72.849613
456,-138.240458
457,-14.140763
458,49.798562
459,-8.824236
460,-104.395491
461,62.309549
462,-12.052522
463,-48.747826
464,-78.425851
465,82.115760
466,57.128299
467,-30.002781
468,-155.676091
469,-15.902679
470,-9.054752
471,33.230537
472,37.772029
473,-35.585849
474,10.013935
475,63.054863
476,-14.426931
477,4.977421
478,-6.865321
479,-81.723690
480,-152.608170
481,-14.712666
482,-11.467285
483,56.359119
484,21.248310
485,-49.232722
486,70.184291
487,202.924024
488,-43.152785
489,53.141900
490,-115.968093
491,242.896811
492,-16.540673
493,63.530098
494,9.129848
495,-65.695614
496,-23.288932
497,-169.492565
498,220.267388
499,25.057105
500,-74.703229
501,74.518412
502,9.526565
503,22.429638
504,246.880080
505,-52.335548
506,-45.793298
507,15.124508
508,-26.417157
509,-54.747508
510,135.336041
511,24.635855
512,21.440021
513,435.273354
514,-16.938272
515,59.683388
516,39.784106
517,-29.640114
518,-43.426594
519,37.008681
520,5.185999
521,4.485973
522,285.258642
523,0.610875
524,47.178397
525,26.928876
526,37.264911
527,-18.357547
528,49.236089
529,-20.884206
530,91.116179
531,92.327340
532,62.771063
533,-184.650623
534,64.177195
535,-104.989647
536,-16.281257
537,-2.989610
538,-32.394537
539,88.578883
540,-19.157250
541,74.619399
542,-81.026745
543,-1.234499
544,-18.920617
545,-112.278594
546,-7.267035
547,-68.279151
548,86.613365
549,27.050036
550,-62.558729
551,5.593054
552,70.606869
553,32.455769
554,5.829417
555,-9.147197
556,-15.146723
557,-7.221756
558,-9.631855
559,-4.823385
560,-112.238681
561,-38.079552
562,35.108816
563,-8.710235
564,8.670367
565,-46.098862
566,5.742576
567,88.712506
568,139.587049
569,-34.615151
570,13.067546
571,294.809568
572,83.487794
573,-42.353839
574,-22.832770
575,-46.653608
576,-65.548471
577,28.713294
578,-11.176280
579,-3.267671
580,-41.281903
581,26.657361
582,-35.248158
583,16.001067
584,-199.237253
585,-42.618117
586,252.815051
587,1.882226
588,41.116583
589,141.044735
590,80.280195
591,98.194137
592,97.769146
593,9.992983
594,-60.681340
595,13.399418
596,96.188396
597,76.605041
598,20.521702
599,-18.738761
600,-177.945456
601,117.860290
602,-28.294308
603,94.821506
604,86.719556
605,-61.267746
606,-74.365132
607,326.593327
608,8.445925
609,53.080683
610,-29.980340
611,-14.788670
612,-1.185309
613,31.754585
614,36.676896
615,28.193414
616,81.436961
617,87.142856
618,118.213068
619,22.649442
620,154.358337
621,40.734578
622,42.207072
623,-49.615832
624,326.802683
625,107.863723
626,21.777543
627,27.176139
628,21.066318
629,126.887240
630,59.657840
631,324.030948
632,152.571487
633,33.818665
634,-212.489590
635,50.222050
636,13.792245
637,103.327287
638,263.473756
639,268.855705
640,74.583851
641,87.466696
642,57.365591
643,34.849116
644,199.515949
645,385.928569
646,103.810991
647,-34.917734
648,-32.366710
649,19.190712
650,276.483313
651,-37.637144
652,2.375915
653,-40.071289
654,20.357981
655,220.894748
656,-21.578828
657,139.197862
658,130.033943
659,1.285062
660,-113.720497
661,49.379616
662,333.132836
663,-33.178395
664,27.129958
665,-33.449137
666,51.483858
667,130.785839
668,29.053053
669,5.316548
670,26.745889
671,38.491308
672,100.448688
673,43.044518
674,314.452811
675,56.245477
676,293.010037
677,-23.870747
678,210.886456
679,-32.464791
680,45.188257
681,6.820036
682,50.741981
683,76.735284
684,58.639330
685,192.636633
686,43.000301
687,74.655346
688,116.366491
689,118.402225
690,27.563451
691,150.674892
692,-35.303781
693,326.654038
694,231.173858
695,44.917213
696,125.349748
697,106.423868
698,75.454880
699,-14.785145
700,115.960526
701,417.812908
702,-19.532990
703,191.542751
704,270.070838
705,39.900515
706,19.295997
707,-6.314478
708,82.336794
709,131.910739
710,147.841503
711,269.861439
712,114.248581
713,14.481911
714,-69.252714
715,-22.004229
716,35.237338
717,173.827065
718,296.164333
719,254.589082
720,391.458034
721,-24.403409
722,74.795330
723,99.036866
724,366.408848
725,25.210076
726,59.010659
727,16.905519
728,-29.152440
729,84.022670
730,-60.656928
731,383.190536
732,-38.567619
733,-26.185023
734,313.062036
735,8.580504
736,39.962132
737,-113.584981
738,34.548817
739,69.945690
740,82.353553
741,22.996274
742,69.394810
743,69.792419
744,43.716007
745,-22.975577
746,333.663014
747,358.625697
748,42.511912
749,76.939300
750,280.038083
751,295.547732
752,94.429900
753,89.585391
754,66.293025
755,10.890898
756,39.326200
757,225.817973
758,304.113238
759,1.692018
760,-55.690634
761,333.080446
762,54.843541
763,-44.345652
764,25.709298
765,62.863808
766,232.425496
767,73.949663
768,31.344729
769,368.901411
770,22.749219
771,53.930736
772,189.127768
773,83.405513
774,-144.325249
775,78.272247
776,214.890289
777,31.760643
778,327.073943
779,28.034548
780,167.566972
781,341.511712
782,307.960910
783,22.245004
784,19.035479
785,109.228777
786,246.401411
787,327.254160
788,42.686216
789,109.009169
790,8.146004
791,79.341270
792,339.200358
793,278.515878
794,48.125378
795,74.721423
796,178.145764
797,165.553129
798,213.495670
799,180.537819
800,41.162373
801,129.990873
802,-36.114120
803,40.379488
804,218.149292
805,-36.149556
806,352.328340
807,48.019616
808,326.761166
809,-192.595968
810,291.771034
811,82.190467
812,55.527433
813,10.911206
814,44.298021
815,35.588850
816,37.825899
817,66.301595
818,23.545511
819,326.460168
820,338.542879
821,130.748165
822,349.288376
823,15.369271
824,24.079138
825,289.616798
826,124.884325
827,25.769896
828,89.652088
829,56.566282
830,-15.621445
831,285.100216
832,-125.654878
833,36.343955
834,160.028096
835,57.029096
836,-33.217777
837,-11.370118
838,50.943086
839,-35.003855
840,36.739673
841,232.304792
842,52.432428
843,-49.003269
844,224.316771
845,50.325204
846,143.770936
847,94.499792
848,154.360549
849,26.403047
850,231.091963
851,274.120383
852,-6.161056
853,85.995461
854,219.486838
855,-38.294644
856,-27.766632
857,-4.362579
858,81.322168
859,108.539914
860,258.764341
861,-19.697431
862,31.322382
863,123.221339
864,31.561304
865,-41.925850
866,113.203368
867,21.092877
868,58.835955
869,77.912978
870,71.399712
871,337.897604
872,32.174353
873,59.608237
874,-50.017528
875,78.731764
876,397.860190
877,17.921770
878,56.052924
879,258.060073
880,-45.938441
881,-1.502120
882,-27.673919
883,81.586926
884,19.447027
885,-6.386342
886,139.286915
887,26.553430
888,29.445750
889,-0.436479
890,102.806204
891,61.443929
892,207.127052
893,100.525377
894,114.147916
895,115.185026
896,-25.298703
897,65.259478
898,73.779274
899,61.525499
900,100.760629
901,276.955369
902,-1.820773
903,3.844905
904,42.417927
905,56.957243
906,101.547206
907,325.566480
908,298.847939
909,10.752266
910,42.923382
911,-16.260971
912,-53.214513
913,424.390120
914,68.473609
915,102.017840
916,177.091482
917,-2.291275
918,1.245371
919,128.004089
920,329.611312
921,100.278412
922,140.285715
923,6.224323
924,-38.411731
925,11.804429
926,67.650118
927,66.567329
928,154.488354
929,178.282549
930,62.697764
931,327.848246
932,53.434999
933,219.820755
934,18.404427
935,364.886407
936,-4.258930
937,17.881468
938,27.513442
939,242.822181
940,65.560709
941,-31.694394
942,-101.487440
943,-51.687442
944,125.259075
945,332.651067
946,60.314164
947,296.222205
948,-61.293041
949,167.678266
950,-39.599461
951,70.791641
952,25.687984
953,301.806649
954,114.859308
955,218.544834
956,38.919929
957,-47.317251
958,18.700639
959,296.179049
960,329.161659
961,71.803840
962,295.015067
963,-140.594965
964,-3.808739
965,365.132817
966,65.797034
967,78.855363
968,32.898099
969,-18.250445
970,279.720548
971,-26.589113
972,-0.543972
973,213.936569
974,325.136738
975,-44.192687
976,14.558902
977,106.591338
978,48.808320
979,74.100433
980,6.182085
981,-45.354370
982,150.030739
983,200.010252
984,32.613800
985,307.926184
986,62.072941
987,-67.752846
988,285.185936
989,90.775990
990,59.652099
991,46.200633
992,-49.395784
993,310.527033
994,23.796648
995,113.654728
996,3.952439
997,-22.656536
998,99.152032
999,-6.373353
1000,81.700784
1001,70.796816
1002,65.319786
1003,62.503187
1004,78.185798
1005,-10.270459
1006,132.540353
1007,-31.195267
1008,-70.646979
1009,58.004165
1010,-0.579760
1011,-64.313033
1012,0.163225
1013,23.363077
1014,81.046577
1015,31.354222
1016,322.841297
1017,17.564204
1018,187.713405
1019,28.122206
1020,345.278082
1021,109.290288
1022,21.705062
1023,320.351397
1024,200.575872
1025,180.446911
1026,336.203598
1027,-7.730696
1028,-81.942385
1029,16.358246
1030,233.065896
1031,130.037814
1032,282.022929
1033,-12.984749
1034,291.944821
1035,-2.949677
1036,57.923647
1037,234.241876
1038,26.780917
1039,54.097400
1040,82.248794
1041,40.402184
1042,81.698799
1043,82.890379
1044,286.612710
1045,76.836427
1046,-31.944593
1047,16.884188
1048,96.318088
1049,77.439173
1050,41.396078
1051,105.618088
1052,407.727931
1053,236.190542
1054,3.986796
1055,148.479281
1056,368.902642
1057,346.761030
1058,288.571929
1059,318.128652
1060,385.115790
1061,299.671317
1062,314.009271
1063,286.699556
1064,292.694390
1065,315.772539
1066,350.143546
1067,311.009073
1068,351.707297
1069,345.940139
1070,340.833645
1071,89.936404
1072,358.966411
1073,321.406554
1074,317.926639
1075,320.909768
1076,419.439976
1077,411.313114
1078,267.111310
1079,327.759495
1080,322.344908
1081,274.383734
1082,107.083110
1083,300.572198
1084,286.353657
1085,374.249510
1086,361.278746
1087,85.743344
1088,346.609771
1089,346.425625
1090,428.614473
1091,329.076599
1092,99.629628
1093,340.601880
1094,370.310915
1095,-31.018939
1096,19.738901
1097,265.516890
1098,54.899337
1099,306.614005
1100,9.367735
1101,4.058814
1102,52.252638
1103,133.774917
1104,289.926085
1105,23.403944
1106,11.491833
1107,337.733490
1108,290.487666
1109,214.637867
1110,94.564710
1111,326.259681
1112,96.817671
1113,355.057123
1114,304.592421
1115,351.910515
1116,320.755856
1117,344.952253
1118,332.579544
1119,303.984811
1120,308.901406
1121,29.356062
1122,2.906579
1123,337.097241
1124,323.268136
1125,25.363449
1126,300.514036
1127,293.112910
1128,332.954495
1129,140.943183
1130,90.456681
1131,344.358062
1132,320.384666
1133,439.321220
1134,73.451434
1135,394.832315
1136,353.817398
1137,322.153310
1138,314.301082
1139,330.658860
1140,48.725351
1141,42.071195
1142,359.053293
1143,27.316264
1144,310.456851
1145,54.372085
1146,310.857421
1147,357.747413
1148,317.417277
1149,239.096020
1150,81.297463
1151,231.875076
1152,36.110539
1153,276.702385
1154,68.472391
1155,343.977518
1156,386.362488
1157,303.823615
1158,298.996412
1159,42.628126
1160,308.704288
1161,358.313044
1162,128.511265
1163,136.711558
1164,314.078102
1165,390.514836
1166,427.991138
1167,322.924088
1168,234.885922
1169,276.959616
1170,54.944145
1171,-20.587881
1172,334.843508
1173,320.385393
1174,169.692838
1175,293.193442
1176,282.985555
1177,340.199304
1178,338.973120
1179,331.100200
1180,289.984783
1181,64.771287
1182,312.589934
1183,307.909813
1184,113.906301
1185,315.424901
1186,350.905660
1187,338.739772
1188,317.458182
1189,42.693466
1190,342.258947
1191,286.170028
1192,298.599430
1193,337.391841
1194,258.672549
1195,294.902799
1196,300.180592
1197,297.600056
1198,427.661870
1199,298.286694
1200,175.231888
1201,78.233009
1202,394.291288
1203,89.636891
1204,30.993164
1205,67.637023
1206,366.642822
1207,408.272281
1208,299.720539
1209,368.339786
1210,349.073756
1211,124.731056
1212,296.903854
1213,365.775346
1214,289.572373
1215,360.637193
1216,335.511963
1217,268.820487
1218,352.260620
1219,326.321630
1220,-2.315062
1221,45.648710
1222,294.601086
1223,323.424223
1224,323.709245
1225,4.828442
1226,409.613855
1227,301.425511
1228,49.949904
1229,377.750532
1230,272.986875
1231,22.299125
1232,287.612134
1233,84.924179
1234,314.878862
1235,314.101897
1236,259.646773
1237,380.555366
1238,168.720714
1239,25.887885
1240,124.697695
1241,421.647341
1242,301.794475
1243,372.835367
1244,362.823787
1245,303.006609
1246,297.469797
1247,380.852387
1248,31.124397
1249,-2.134968
1250,382.565660
1251,272.562943
1252,261.724966
1253,300.315394
1254,307.829482
1255,324.148070
1256,297.494969
1257,451.526243
1258,167.087871
1259,405.648115
1260,250.656793
1261,138.980288
1262,276.969587
1263,343.596075
1264,322.119184
1265,292.704434
1266,119.713666
1267,272.757215
1268,118.524033
1269,413.838669
1270,33.798577
1271,351.802315
1272,309.588018
1273,336.104766
1274,408.423892
1275,400.410733
1276,92.170697
1277,46.522042
1278,322.282189
1279,390.942784
1280,327.122286
1281,291.702161
1282,325.584961
1283,297.727847
1284,310.463991
1285,41.244156
1286,321.645620
1287,-15.155776
1288,36.448631
1289,81.980815
1290,150.662382
1291,114.842408
1292,361.509252
1293,79.270406
1294,360.173188
1295,310.150256
1296,145.335591
1297,289.238271
1298,91.800354
1299,313.076023
1300,305.882682
1301,317.223725
1302,103.688344
1303,310.759151
1304,385.070358
1305,10.623724
1306,351.986245
1307,347.506616
1308,63.653629
1309,36.004260
1310,416.158917
1311,318.465562
1312,82.424020
1313,291.668491
1314,264.791403
1315,252.549842
1316,128.167476
1317,468.348326
1318,82.334655
1319,295.341950
1320,279.073769
1321,24.898625
1322,337.879062
1323,325.389458
1324,305.502254
1325,78.362579
1326,479.021536
1327,313.350415
1328,331.361043
1329,256.768608
1330,72.684388
1331,72.274552
1332,384.249370
1333,270.150591
1334,399.124704
1335,160.980349
1336,330.181351
1337,295.183578
1338,366.263602
1339,241.475890
1340,308.772393
1341,303.904844
1342,336.531295
1343,405.310852
1344,306.515369
1345,297.734317
1346,4.963484
1347,416.499981
1348,317.108681
1349,278.304308
1350,279.773207
1351,290.588483
1352,440.752828
1353,376.889712
1354,280.819214
1355,344.038248
1356,326.750747
1357,346.790091
1358,484.121363
1359,369.160104
1360,287.096097
1361,286.975644
1362,65.590515
1363,318.030851
1364,256.810359
1365,253.463459
1366,302.585922
1367,389.267783
1368,339.021626
1369,260.670167
1370,275.670505
1371,311.835274
1372,338.561685
1373,303.029405
1374,321.857015
1375,282.691417
1376,352.348304
1377,304.478409
1378,307.599578
1379,321.290275
1380,292.187980
1381,299.982230
1382,254.778940
1383,390.416190
1384,298.051028
1385,365.318535
1386,311.114982
1387,269.767578
1388,263.944077
1389,70.377926
1390,260.655716
1391,350.397045
1392,317.664210
1393,291.153581
1394,329.666340
1395,347.013867
1396,308.228192
1397,257.046589
1398,308.887048
1399,292.844156
1400,288.230606
1401,314.359409
1402,272.499025
1403,331.178462
1404,257.151613
1405,311.868717
1406,430.517185
1407,318.571769
1408,342.337543
1409,383.105246
1410,278.550028
1411,320.979462
1412,452.393702
1413,322.704344
1414,308.332300
1415,407.456419
1416,324.527494
1417,280.147952
1418,277.886939
1419,383.696948
1420,334.326173
1421,304.478325
1422,384.775027
1423,270.810039
1424,328.954813
1425,235.093952
1426,321.917753
1427,370.071136
1428,310.698003
1429,313.684641
1430,316.654916
1431,322.068066
1432,321.984450
1433,305.126374
1434,342.565660
1435,296.478922
1436,400.845920
1437,316.256866
1438,330.869150
1439,284.280144
1440,-30.356628
1441,419.157861
1442,351.799672
1443,378.961110
1444,305.668438
1445,309.609077
1446,215.517895
1447,259.950632
1448,287.092790
1449,316.949408
1450,266.596115
1451,312.288111
1452,285.477625
1453,162.766705
1454,317.128677
1455,368.348393
1456,310.584776
1457,320.996176
1458,309.200917
1459,275.994097
1460,310.511227
1461,299.081422
1462,290.427740
1463,327.385253
1464,345.950316
1465,273.995081
1466,278.646751
1467,408.954103
1468,290.685146
1469,321.240336
1470,321.173494
1471,286.582331
1472,298.879187
1473,325.588010
1474,298.615506
1475,293.582911
1476,328.598399
1477,299.547690
1478,324.092777
1479,467.003655
1480,293.712454
1481,478.894010
1482,285.830439
1483,434.106014
1484,330.824727
1485,337.944172
1486,371.595877
1487,310.651520
1488,323.785564
1489,293.538503
1490,303.234840
1491,304.086948
1492,289.507074
1493,-41.554799
1494,266.733157
1495,283.767479
1496,359.870608
1497,270.811278
1498,313.747339
1499,303.450007
1500,306.182982
1501,325.794726
1502,309.911516
1503,51.711390
1504,373.445706
1505,291.784070
1506,330.646700
1507,289.865498
1508,356.921252
1509,306.215747
1510,310.018671
1511,299.291231
1512,326.004277
1513,289.808375
1514,286.458869
1515,318.709390
1516,307.183242
1517,331.162623
1518,339.636736
1519,310.718136
1520,279.589367
1521,288.526241
1522,272.562657
1523,351.060663
1524,304.114097
1525,288.375662
1526,307.339418
1527,353.832959
1528,320.137832
1529,278.282304
1530,317.437422
1531,290.440367
1532,414.556192
1533,293.387377
1534,318.758205
1535,323.419210
1536,282.509216
1537,342.460447
1538,307.599927
1539,300.322162
1540,273.376185
1541,360.902166
1542,409.760906
1543,297.513685
1544,307.677127
1545,285.912555
1546,302.424557
1547,322.507540
1548,317.478061
1549,347.973984
1550,360.763998
1551,281.918772
1552,306.558922
1553,277.758426
1554,272.225104
1555,285.392016
1556,332.495068
1557,296.425786
1558,309.816075
1559,346.506694
1560,313.647759
1561,315.702533
1562,326.276050
1563,387.370573
1564,313.230189
1565,374.614185
1566,375.686983
1567,309.532435
1568,270.415963
1569,374.828021
1570,296.123253
1571,308.240011
1572,295.015253
1573,302.769074
1574,320.740687
1575,345.049366
1576,340.722184
1577,328.759880
1578,352.929473
1579,330.803134
1580,295.290590
1581,236.727959
1582,380.376966
1583,371.035757
1584,303.186519
1585,290.670502
1586,336.526877
1587,275.371065
1588,339.927554
1589,320.485225
1590,306.654647
1591,309.038834
1592,353.814765
1593,346.107273
1594,331.850475
1595,305.286818
1596,292.093177
1597,270.238624
1598,280.527524
1599,322.681182
1600,352.135077
1601,331.841813
1602,272.484071
1603,285.369597
1604,336.795902
1605,273.320794
1606,281.448666
1607,322.484262
1608,271.027657
1609,313.009415
1610,380.009435
1611,275.686485
1612,314.513932
1613,280.873797
1614,311.552716
1615,374.130950
1616,266.423836
1617,338.196445
1618,373.057910
1619,247.578856
1620,384.265129
1621,363.106414
1622,313.353994
1623,335.835443
1624,295.155693
1625,250.510665
1626,285.736147
1627,337.150219
1628,292.050705
1629,328.693821
1630,320.622303
1631,307.244177
1632,288.074202
1633,243.934491
1634,257.920213
1635,287.395610
1636,288.754413
1637,440.526679
1638,291.869618
1639,291.542298
1640,321.250816
1641,334.806812
1642,317.552796
1643,350.615362
1644,238.352763
1645,293.446883
1646,270.661568
1647,414.958229
1648,365.216138
1649,387.950195
1650,338.919723
1651,377.080445
1652,398.682512
1653,424.554111
1654,271.948087
1655,359.142508
1656,427.993881
1657,296.412124
1658,438.924339
1659,380.873502
1660,311.745368
1661,297.936477
1662,318.053164
1663,404.171377
1664,282.827881
1665,301.517553
1666,257.474702
1667,287.840336
1668,301.891115
1669,275.287851
1670,333.778295
1671,284.061704
1672,399.502906
1673,430.593591
1674,416.843323
1675,294.677917
1676,316.596520
1677,310.785035
1678,306.695655
1679,424.301856
1680,342.772670
1681,326.651050
1682,300.041240
1683,286.262267
1684,283.397599
1685,281.298217
1686,307.847247
1687,371.570606
1688,370.792439
1689,459.388681
1690,256.182686
1691,435.794972
1692,380.705933
1693,423.642930
1694,404.624820
1695,288.103341
1696,312.076717
1697,386.969062
1698,394.869703
1699,355.792678
1700,280.125793
1701,275.464397
1702,276.672088
1703,334.005842
1704,347.410044
1705,296.864767
1706,324.843776
1707,280.024311
1708,403.988512
1709,371.270622
1710,354.080401
1711,289.441107
1712,318.977822
1713,356.320143
1714,381.349959
1715,368.757314
1716,323.305351
1717,355.471633
1718,365.212834
1719,375.333998
1720,324.515573
1721,409.960406
1722,411.687261
1723,291.224500
1724,266.172997
1725,300.444397
1726,246.664897
1727,333.075242
1728,349.863495
1729,309.370165
1730,277.710501
1731,408.733876
1732,311.407850
1733,284.060686
1734,345.360457
1735,307.209136
1736,311.326833
1737,285.054016
1738,440.491831
1739,307.844055
1740,382.990904
1741,333.035145
1742,342.858663
1743,435.594540
1744,257.197608
1745,314.782219
1746,280.848218
1747,269.725810
1748,364.649582
1749,304.858695
1750,276.659677
1751,407.798082
1752,310.264940
1753,281.559761
1754,348.141140
1755,454.746310
1756,258.829710
1757,424.044219
1758,380.176594
1759,411.261729
1760,326.683976
1761,294.867235
1762,309.218594
1763,268.882566
1764,301.758876
1765,355.889702
1766,404.227352
1767,365.953791
1768,326.519053
1769,433.901721
1770,305.999868
1771,438.380004
1772,296.461238
1773,321.611718
1774,433.744105
1775,431.654628
1776,457.985600
1777,405.263674
1778,299.015534
1779,300.846153
1780,424.387939
1781,329.064103
1782,336.670219
1783,326.944136
1784,309.111309
1785,277.957860
1786,323.803152
1787,329.940812
1788,365.256872
1789,418.930667
1790,328.424747
1791,433.068668
1792,278.600533
1793,337.918728
1794,242.201184
1795,364.316660
1796,319.506575
1797,257.109886
1798,295.559504
1799,274.332789
1800,330.040177
1801,418.658741
1802,384.647511
1803,273.550438
1804,396.263058
1805,299.781196
1806,381.390914
1807,331.383304
1808,350.250003
1809,287.872003
1810,479.642192
1811,398.043894
1812,379.754097
1813,433.083589
1814,322.032982
1815,338.406198
1816,298.059586
1817,404.638836
1818,420.299321
1819,445.370693
1820,373.303257
1821,360.607392
1822,320.297717
1823,301.484841
1824,335.305545
1825,293.779780
1826,440.190056
1827,293.889445
1828,317.004840
1829,315.412911
1830,304.255300
1831,270.179610
1832,289.666935
1833,252.282061
1834,274.700832
1835,277.387487
1836,324.325108
1837,437.696652
1838,304.032964
1839,415.253297
1840,324.670910
1841,379.497812
1842,380.407013
1843,388.679209
1844,291.598386
1845,421.537386
1846,303.478981
1847,289.789286
1848,419.743678
1849,336.799375
1850,416.607375
1851,333.403045
1852,301.938666
1853,277.445697
1854,328.557270
1855,352.760489
1856,290.820165
1857,315.378739
1858,338.161651
1859,284.635459
1860,297.532237
1861,349.662501
1862,403.754313
1863,438.713479
1864,286.270726
1865,47.014863
1866,327.012020
1867,290.868680
1868,311.407864
1869,271.881383
1870,276.998771
1871,464.388276
1872,299.193633
1873,371.410999
1874,276.850415
1875,303.471501
1876,326.617594
1877,426.484088
1878,277.955844
1879,343.370656
1880,324.258596
1881,349.407247
1882,314.508233
1883,261.595537
1884,360.191267
1885,453.244027
1886,293.582904
1887,355.820466
1888,411.778574
1889,329.776819
1890,303.341289
1891,277.513706
1892,326.303877
1893,373.310356
1894,327.367643
1895,309.023432
1896,285.733276
1897,409.717638
1898,299.162887
1899,301.485488
1900,270.821870
1901,357.090371
1902,313.113295
1903,312.942272
1904,460.420556
1905,339.162745
1906,328.449980
1907,362.599364
1908,281.241160
1909,324.522197
1910,307.927654
1911,426.543616
1912,297.207094
1913,322.378415
1914,377.123519
1915,280.687463
1916,411.457255
1917,288.208607
1918,305.657204
1919,305.102444
1920,380.235187
1921,417.667509
1922,272.357388
1923,307.511870
1924,413.443977
1925,414.949570
1926,351.212283
1927,325.895129
1928,319.118234
1929,398.752555
1930,288.215944
1931,428.218075
1932,422.018405
1933,418.543032
1934,433.265826
1935,363.706799
1936,406.121483
1937,377.025489
1938,292.446802
1939,282.077133
1940,295.965118
1941,447.922028
1942,405.848807
1943,396.060523
1944,348.961310
1945,455.095632
1946,425.138387
1947,391.772384
1948,329.566378
1949,453.247510
1950,408.237586
1951,353.098188
1952,444.509795
1953,411.296304
1954,449.490249
1955,400.011728
1956,445.469418
1957,309.311248
1958,419.944754
1959,302.926353
1960,451.045119
1961,412.500280
1962,424.490990
1963,335.003602
1964,398.791439
1965,396.870256
1966,271.090841
1967,338.183358
1968,397.871948
1969,430.765780
1970,308.257743
1971,334.934075
1972,305.895368
1973,266.577809
1974,346.505509
1975,355.355789
1976,412.500295
1977,439.136851
1978,432.269394
1979,460.170123
1980,350.949722
1981,412.396492
1982,328.798915
1983,425.512666
1984,417.731431
1985,380.565924
1986,325.418235
1987,300.174857
1988,412.840767
1989,385.127478
1990,410.445040
1991,327.178034
1992,431.101970
1993,401.035911
1994,426.438005
1995,393.888512
1996,431.522174
1997,395.945759
1998,302.839238
1999,376.633471
2000,265.317504
2001,436.209375
2002,335.474081
2003,415.839370
2004,375.914601
2005,453.804259
2006,441.204012
2007,427.786798
2008,348.340130
2009,282.637251
2010,301.064451
2011,321.124548
2012,426.947498
2013,356.417220
2014,331.318357
2015,303.612916
2016,404.768707
2017,345.674402
2018,410.686050
2019,292.306068
2020,416.153298
2021,322.719400
2022,454.211537
2023,318.057251
2024,324.393630
2025,413.737345
2026,450.972572
2027,450.034951
2028,291.484216
2029,388.583790
2030,304.285137
2031,320.800004
2032,322.377661
2033,249.693346
2034,439.805995
2035,381.024323
2036,417.006983
2037,390.208219
2038,280.643820
2039,380.722116
2040,271.155250
2041,402.816374
2042,384.107696
2043,446.861120
2044,416.702932
2045,336.702548
2046,299.971792
2047,351.716249
2048,342.640239
2049,269.761197
2050,430.203596
2051,443.967154
2052,324.367431
2053,370.836177
2054,278.021252
2055,434.703111
2056,369.605083
2057,388.473299
2058,388.185959
2059,423.402992
2060,423.919165
2061,283.705426
2062,484.067389
2063,416.352530
2064,451.746503
2065,430.390389
2066,397.759186
2067,408.291012
2068,291.356758
2069,367.714257
2070,284.563854
2071,324.097576
2072,387.148767
2073,413.876319
2074,434.428803
2075,415.615058
2076,292.173420
2077,429.925367
2078,469.277967
2079,273.571899
2080,428.410894
2081,263.143277
2082,330.021846
2083,394.610610
2084,418.159853
2085,399.598362
2086,413.718472
2087,470.438924
2088,303.881646
2089,308.379256
2090,428.403232
2091,433.031144
2092,442.587698
2093,409.572137
2094,410.931354
2095,429.660327
2096,416.563492
2097,377.490294
2098,431.027700
2099,369.398431
2100,392.000229
2101,281.379743
2102,327.688084
2103,436.039392
2104,380.674587
2105,346.323537
2106,501.407756
2107,458.837361
2108,286.765659
2109,326.734809
2110,451.504838
2111,281.310009
2112,422.843025
2113,337.862899
2114,422.092509
2115,476.527912
2116,413.099709
2117,345.471461
2118,283.195578
2119,405.232833
2120,437.620656
2121,342.702788
2122,444.350266
2123,321.126505
2124,451.911949
2125,426.865346
2126,382.784712
2127,406.004134
2128,341.661071
2129,398.018213
2130,379.437233
2131,359.664104
2132,367.556817
2133,417.320500
2134,364.166834
2135,351.290297
2136,332.787641
2137,402.598239
2138,345.139468
2139,402.588777
2140,291.015112
2141,414.962549
2142,283.291630
2143,279.642396
2144,267.948730
2145,399.687693
2146,340.725972
2147,418.054564
2148,366.342895
2149,409.017198
2150,396.089711
2151,403.689846
2152,283.292441
2153,383.098158
2154,420.003895
2155,389.385143
2156,407.393869
2157,296.078414
2158,355.654659
2159,390.037742
2160,326.960389
2161,276.103410
2162,424.511655
2163,333.503732
2164,415.949121
2165,430.918638
2166,347.439109
2167,316.586349
2168,410.088038
2169,337.394352
2170,416.455027
2171,456.701164
2172,424.910620
2173,340.116681
2174,371.627347
2175,374.527825
2176,443.317945
2177,426.505686
2178,460.716714
2179,313.183974
2180,434.776496
2181,425.150646
2182,452.541684
2183,450.036519
2184,429.144871
2185,426.450237
2186,380.397163
2187,399.457160
2188,480.578573
2189,418.740849
2190,416.797938
2191,436.068609
2192,401.765889
2193,404.268518
2194,440.612964
2195,404.823541
2196,322.443005
2197,423.772502
2198,317.741728
2199,447.186091
2200,320.151275
2201,431.496105
2202,410.207539
2203,322.377633
2204,406.127486
2205,428.720598
2206,432.963019
2207,324.128976
2208,451.345422
2209,451.325232
2210,485.193012
2211,436.706326
2212,467.468782
2213,455.922533
2214,425.381050
2215,427.494652
2216,394.895196
2217,431.409983
2218,390.904809
2219,424.936700
2220,384.571711
2221,443.198644
2222,423.157216
2223,312.200896
2224,388.931339
2225,425.952796
2226,405.909930
2227,424.754161
2228,401.914167
2229,420.913769
2230,434.398871
2231,381.900321
2232,448.680228
2233,374.946296
2234,421.787259
2235,303.659941
2236,411.870908
2237,446.530697
2238,453.687635
2239,453.262339
2240,435.798795
2241,441.806031
2242,442.349581
2243,417.155196
2244,458.359219
2245,437.980647
2246,403.238043
2247,412.944162
2248,312.248165
2249,443.857134
2250,433.904742
2251,360.644983
2252,315.869318
2253,429.876757
2254,349.507492
2255,407.500883
2256,433.517432
2257,415.806525
2258,448.066556
2259,375.978085
2260,411.289088
2261,401.277739
2262,377.715911
2263,442.341826
2264,413.861165
2265,439.594047
2266,303.917726
2267,415.972918
2268,374.143893
2269,413.460483
2270,312.666901
2271,459.410964
2272,367.746063
2273,428.217830
2274,428.346894
2275,407.041801
2276,402.407807
2277,428.187636
2278,436.518119
2279,458.675650
2280,407.433137
2281,415.868551
2282,444.660481
2283,414.063178
2284,453.567750
2285,382.010762
2286,263.434593
2287,451.275489
2288,438.537002
2289,333.752225
2290,372.806250
2291,420.989352
2292,436.527413
2293,366.046346
2294,490.976236
2295,381.715535
2296,351.855869
2297,426.142885
2298,442.854890
2299,310.601567
2300,403.880749
2301,411.581131
2302,393.932716
2303,409.236332
2304,412.656247
2305,447.819557
2306,412.217919
2307,433.651582
2308,428.220195
2309,305.247160
2310,282.764245
2311,382.196331
2312,450.162156
2313,333.349098
2314,433.729549
2315,412.626649
2316,454.558629
2317,304.996366
2318,401.742491
2319,442.414254
2320,432.299169
2321,425.454858
2322,414.707622
2323,442.716131
2324,402.883154
2325,377.490894
2326,410.776728
2327,434.634972
2328,467.816305
2329,448.564695
2330,312.946143
2331,426.369627
2332,438.472670
2333,302.240717
2334,426.901252
2335,437.454633
2336,392.103688
2337,414.826309
2338,425.616473
2339,316.431924
2340,423.909874
2341,457.699663
2342,350.963257
2343,315.474823
2344,444.765818
2345,323.184819
2346,392.390018
2347,473.099553
2348,403.542249
2349,419.913162
2350,374.986523
2351,392.646722
2352,427.491278
2353,471.643614
2354,302.543158
2355,443.645566
2356,413.773287
2357,434.923832
2358,354.190500
2359,436.163924
2360,457.853108
2361,280.909399
2362,362.363368
2363,316.763775
2364,424.217385
2365,451.580149
2366,440.976590
2367,425.219398
2368,463.100558
2369,441.705207
2370,431.619482
2371,347.407262
2372,310.838591
2373,433.668048
2374,425.085555
2375,403.153292
2376,441.134745
2377,426.583562
2378,422.427697
2379,419.992482
2380,398.948149
2381,418.021798
2382,455.117241
2383,434.952190
2384,448.944626
2385,406.921510
2386,393.435605
2387,449.478760
2388,445.151483
2389,462.845703
2390,385.075389
2391,432.249678
2392,452.009876
2393,425.967744
2394,406.834466
2395,491.187341
2396,470.267535
2397,406.593627
2398,398.538108
2399,329.562254
2400,438.856244
2401,426.309081
2402,425.243596
2403,447.514683
2404,428.176292
2405,465.633557
2406,405.819819
2407,362.677238
2408,445.147155
2409,403.536684
2410,451.518660
2411,399.452253
2412,455.554754
2413,455.262854
2414,448.442412
2415,447.876117
2416,492.326004
2417,396.138388
2418,377.996236
2419,450.667598
2420,434.285859
2421,406.209303
2422,440.171252
2423,411.839307
2424,441.481080
2425,397.033247
2426,417.546845
2427,404.783857
2428,448.769340
2429,429.992061
2430,432.086072
2431,432.440414
2432,404.591966
2433,416.816311
2434,450.132764
2435,441.135542
2436,447.160802
2437,488.225576
2438,442.974804
2439,444.947591
2440,404.045313
2441,434.529579
2442,427.559071
2443,456.118849
2444,443.418222
2445,444.646843
2446,431.536984
2447,407.044073
2448,457.772189
2449,457.952876
2450,408.293501
2451,469.020418
2452,430.762026
2453,414.386462
2454,478.636954
2455,426.669529
2456,428.402124
2457,316.814870
2458,436.807552
2459,447.133242
2460,441.664163
2461,414.974385
2462,499.926626
2463,414.836188
2464,453.069738
2465,436.369345
2466,481.174726
2467,431.734226
2468,452.830396
2469,429.675251
2470,444.652918
2471,419.075580
2472,436.815017
2473,379.451762
2474,406.389188
2475,442.046541
2476,510.076544
2477,444.278511
2478,420.058361
2479,466.319349
2480,404.965193
2481,494.833549
2482,477.254851
2483,338.358922
2484,409.917311
2485,471.163213
2486,413.820505
2487,347.786417
2488,438.793035
2489,436.351855
2490,462.713196
2491,437.610313
2492,389.425163
2493,418.900008
2494,413.944783
2495,434.795426
2496,470.192232
2497,467.775687
2498,433.454942
2499,377.728692
2500,447.141412
2501,437.878757
2502,416.642300
2503,416.402563
2504,432.418984
2505,442.371277
2506,410.371630
2507,446.503643
2508,439.138030
2509,441.792850
2510,413.947615
2511,372.732256
2512,395.047943
2513,452.170391
2514,459.155943
2515,441.664050
2516,373.674377
2517,458.334713
2518,467.669553
2519,449.811878
2520,445.494007
2521,381.519979
2522,412.447412
2523,456.719638
2524,422.483774
2525,416.077408
2526,469.582289
2527,424.395714
2528,439.957814
2529,439.717576
2530,448.904831
2531,423.648861
2532,341.213528
2533,438.623089
2534,487.544604
2535,432.924091
2536,524.564366
2537,461.680171
2538,453.583968
2539,403.896059
2540,463.481985
2541,418.519684
2542,405.457176
2543,440.989474
2544,415.753350
2545,412.216646
2546,453.823412
2547,405.953017
2548,290.600598
2549,464.706129
2550,465.982553
2551,418.119758
2552,446.216246
2553,435.118515
2554,439.768347
2555,418.162318
2556,421.487890
2557,360.060589
2558,463.106788
2559,369.429120
2560,481.612132
2561,454.778943
2562,499.625111
2563,398.894452
2564,420.054732
2565,311.955323
2566,397.282957
2567,381.390790
2568,334.386994
2569,424.146311
2570,433.582787
2571,448.005869
2572,457.076542
2573,461.234638
2574,391.184146
2575,420.077482
2576,413.588993
2577,437.462095
2578,415.730137
2579,401.287577
2580,433.870310
2581,452.135359
2582,426.203189
2583,413.162264
2584,436.698482
2585,452.339904
2586,471.637399
2587,287.871110
2588,425.735651
2589,458.348022
2590,419.843759
2591,457.404365
2592,407.153402
2593,450.829003
2594,430.657297
2595,419.212553
2596,421.928119
2597,404.953351
2598,458.215703
2599,399.643999
2600,396.092855
2601,417.995751
2602,459.258987
2603,463.429674
2604,471.432765
2605,512.222667
2606,458.720317
2607,429.152766
2608,435.616165
2609,428.682597
2610,408.416674
2611,478.135469
2612,417.805999
2613,462.400804
2614,435.256396
2615,455.823995
2616,459.925088
2617,435.689049
2618,444.478882
2619,456.761090
2620,430.543051
2621,474.310772
2622,372.532828
2623,434.951984
2624,421.401677
2625,420.697748
2626,464.570940
2627,448.130295
2628,382.355465
2629,412.384438
2630,456.583736
2631,407.996304
2632,445.551401
2633,430.223085
2634,397.498435
2635,418.911770
2636,429.337455
2637,436.131592
2638,308.397957
2639,410.755237
2640,456.785962
2641,457.728413
2642,439.326561
2643,479.799152
2644,431.306096
2645,462.338337
2646,491.545902
2647,443.158406
2648,450.515291
2649,424.129960
2650,449.147293
2651,485.252189
2652,426.110972
2653,452.521752
2654,450.276412
2655,443.408926
2656,455.735587
2657,445.573766
2658,438.801601
2659,420.136758
2660,464.889043
2661,457.315346
2662,475.597598
2663,388.179647
2664,475.275253
2665,456.557934
2666,443.503848
2667,401.781968
2668,469.641943
2669,465.214720
2670,437.965996
2671,458.615837
2672,441.844310
2673,384.890844
2674,446.282799
2675,431.313923
2676,409.737309
2677,455.654777
2678,441.112535
2679,473.207717
2680,451.362472
2681,445.925199
2682,446.906696
2683,506.008319
2684,448.772993
2685,474.575527
2686,475.802601
2687,454.268657
2688,423.447426
2689,442.769008
2690,431.371808
2691,422.357990
2692,418.484224
2693,432.461576
2694,395.825601
2695,452.106904
2696,472.880800
2697,416.920257
2698,474.300208
2699,442.192239
2700,483.025334
2701,452.208419
2702,480.104160
2703,471.434210
2704,440.695138
2705,492.975123
2706,409.220993
2707,436.695119
2708,428.920616
2709,429.550377
2710,443.238406
2711,509.842944
2712,487.848043
2713,435.099375
2714,460.365633
2715,447.123212
2716,440.528750
2717,442.009049
2718,431.612504
2719,452.862714
2720,465.046747
2721,408.233236
2722,410.452886
2723,412.703430
2724,470.915196
2725,437.780536
2726,432.991038
2727,453.378452
2728,402.392275
2729,451.296279
2730,384.042974
2731,443.593019
2732,467.365819
2733,491.378109
2734,457.816921
2735,401.533989
2736,446.416487
2737,431.449655
2738,426.977313
2739,450.055730
2740,427.584093
2741,408.078424
2742,456.724331
2743,426.640845
2744,423.257751
2745,453.623494
2746,429.133126
2747,429.037425
2748,418.884372
2749,394.664970
2750,404.677371
2751,435.558848
2752,426.175513
2753,434.012443
2754,447.897320
2755,674.819256
2756,439.135417
2757,477.285755
2758,404.387613
2759,445.697436
2760,453.890058
2761,450.028854
2762,470.454188
2763,449.809103
2764,489.575891
2765,420.913497
2766,431.321290
2767,404.616007
2768,409.655909
2769,491.884479
2770,446.438300
2771,452.735135
2772,438.918481
2773,471.752913
2774,489.470398
2775,430.679381
2776,426.412745
2777,471.354076
2778,509.257489
2779,452.699036
2780,441.979895
2781,426.644307
2782,440.787874
2783,454.459253
2784,456.147893
2785,487.341240
2786,473.270049
2787,433.577729
2788,399.008560
2789,405.061422
2790,478.061193
2791,437.170817
2792,433.926979
2793,476.361930
2794,437.210940
2795,422.038823
2796,453.660802
2797,482.531183
2798,451.917553
2799,432.372161
2800,408.613223
2801,423.418677
2802,512.007108
2803,438.759260
2804,377.277916
2805,426.338184
2806,445.773918
2807,418.977331
2808,458.680142
2809,447.470337
2810,414.970183
2811,438.000367
2812,481.765753
2813,439.297887
2814,451.984980
2815,419.001867
2816,425.222286
2817,507.280289
2818,457.803414
2819,458.298484
2820,423.324233
2821,426.848445
2822,475.533796
2823,425.211724
2824,429.051598
2825,462.097260
2826,430.013000
2827,470.887988
2828,543.559950
2829,509.295876
2830,449.183638
2831,477.619349
2832,681.860922
2833,467.617547
2834,450.776649
2835,380.265733
2836,462.400793
2837,439.913818
2838,439.071983
2839,456.139741
2840,443.732416
2841,486.030640
2842,440.346651
2843,438.210996
2844,452.207759
2845,467.724506
2846,424.099642
2847,461.726463
2848,407.754960
2849,443.639538
2850,393.099345
2851,419.434918
2852,474.750691
2853,421.456843
2854,457.358572
2855,434.399322
2856,438.045237
2857,453.615352
2858,445.939026
2859,406.377767
2860,503.674431
2861,418.443210
2862,451.343333
2863,515.944191
2864,469.082120
2865,459.763508
2866,470.235653
2867,461.871861
2868,491.598357
2869,451.515505
2870,505.192266
2871,413.091659
2872,491.142427
2873,458.329092
2874,475.074366
2875,488.094156
2876,459.110500
2877,500.979858
2878,451.220753
2879,448.703578
2880,445.829604
2881,454.747245
2882,431.348590
2883,426.333246
2884,461.738708
2885,432.364382
2886,404.540888
2887,497.459429
2888,434.893126
2889,438.272220
2890,466.333927
2891,434.091900
2892,478.508690
2893,746.773195
2894,473.000476
2895,451.779726
2896,439.150634
2897,466.155210
2898,482.834604
2899,465.831084
2900,435.841119
2901,454.842161
2902,482.809903
2903,479.849111
2904,459.731031
2905,445.912267
2906,423.849004
2907,425.988089
2908,518.685463
2909,419.806040
2910,606.939347
2911,463.225114
2912,445.269506
2913,439.887859
2914,476.214656
2915,487.918538
2916,484.071450
2917,420.539168
2918,475.038135
2919,583.387671
2920,460.126354
2921,415.082108
2922,485.539254
2923,457.419568
2924,470.433608
2925,457.000478
2926,493.901213
2927,505.081203
2928,466.301800
2929,490.532917
2930,517.724526
2931,413.900483
2932,443.152709
2933,433.961177
2934,425.464101
2935,461.271924
2936,471.892695
2937,489.092973
2938,452.632390
2939,604.910611
2940,423.711207
2941,432.443116
2942,448.213135
2943,460.761764
2944,509.800811
2945,440.651206
2946,455.446196
2947,401.443908
2948,683.108037
2949,441.696070
2950,452.415420
2951,462.327003
2952,462.617553
2953,461.770078
2954,465.082457
2955,443.841266
2956,492.797114
2957,531.274983
2958,441.633316
2959,465.237611
2960,508.030002
2961,434.837055
2962,464.891545
2963,438.611715
2964,430.312296
2965,481.833881
2966,447.978088
2967,468.978170
2968,522.337612
2969,461.119876
2970,478.996775
2971,459.586311
2972,472.271176
2973,431.106516
2974,455.491297
2975,450.324002
2976,455.367235
2977,429.956233
2978,476.629387
2979,476.274736
2980,500.692460
2981,435.163556
2982,467.559065
2983,449.777422
2984,445.283597
2985,495.735130
2986,442.802360
2987,483.958087
2988,468.077981
2989,450.078599
2990,434.778742
2991,512.357193
2992,491.789403
2993,450.626888
2994,444.707321
2995,430.121119
2996,466.438228
2997,401.682735
2998,486.837948
2999,512.620113
3000,436.590042
3001,420.178017
3002,464.216212
3003,450.483176
3004,439.487398
3005,417.140321
3006,496.108423
3007,461.966604
3008,404.250484
3009,348.878202
3010,392.756360
3011,473.684270
3012,519.124684
3013,490.781074
3014,632.096247
3015,477.604330
3016,478.027663
3017,440.059253
3018,477.776484
3019,580.032649
3020,454.820790
3021,456.985428
3022,459.817407
3023,456.587649
3024,442.747151
3025,436.105622
3026,527.864031
3027,466.138086
3028,486.538716
3029,398.586108
3030,488.377926
3031,501.073491
3032,416.994090
3033,417.184705
3034,453.127673
3035,468.842586
3036,436.524247
3037,659.335411
3038,437.530873
3039,484.722179
3040,452.261561
3041,455.280649
3042,494.763752
3043,480.882395
3044,429.042159
3045,472.655495
3046,502.103921
3047,436.648628
3048,436.470937
3049,425.201260
3050,417.225241
3051,545.765281
3052,449.956521
3053,442.451745
3054,443.592354
3055,438.489304
3056,433.606829
3057,430.005476
3058,449.486083
3059,443.521627
3060,493.976895
3061,442.077296
3062,436.370701
3063,449.215407
3064,447.285082
3065,459.804099
3066,526.542808
3067,474.926794
3068,485.178818
3069,423.355709
3070,455.011971
3071,463.237305
3072,433.359944
3073,458.202918
3074,431.781333
3075,510.003627
3076,506.369844
3077,500.393608
3078,680.438098
3079,463.697225
3080,457.315752
3081,411.164615
3082,493.073918
3083,453.689652
3084,444.760876
3085,448.245693
3086,510.551671
3087,468.851268
3088,457.832294
3089,811.212377
3090,474.875596
3091,442.596078
3092,535.083807
3093,534.572018
3094,573.199000
3095,485.460658
3096,470.497638
3097,500.815789
3098,502.843425
3099,520.438456
3100,643.733525
3101,802.601596
3102,458.511510
3103,481.118216
3104,483.670596
3105,492.158488
3106,481.027491
3107,547.454846
3108,455.827137
3109,454.430419
3110,528.242833
3111,494.759265
3112,466.557290
3113,473.910165
3114,448.009379
3115,491.179932
3116,532.940536
3117,464.487400
3118,437.349697
3119,467.936508
3120,456.546355
3121,479.370916
3122,463.427138
3123,472.706730
3124,437.506053
3125,490.720431
3126,566.753287
3127,541.469087
3128,670.530909
3129,723.929944
3130,491.528694
3131,424.324932
3132,464.687880
3133,431.614005
3134,429.019466
3135,436.392489
3136,388.422741
3137,491.192286
3138,920.441710
3139,451.787355
3140,504.124807
3141,479.830861
3142,693.344901
3143,458.638608
3144,445.165208
3145,526.168328
3146,498.340864
3147,446.373504
3148,756.268873
3149,815.092144
3150,901.770563
3151,640.239200
3152,458.594476
3153,472.365979
3154,439.500705
3155,518.404503
3156,487.810350
3157,684.037347
3158,492.196233
3159,462.226560
3160,597.842259
3161,925.897913
3162,474.982978
3163,459.661417
3164,454.180669
3165,483.585606
3166,489.294917
3167,474.061964
3168,793.048026
3169,441.111680
3170,764.142354
3171,509.255701
3172,554.219198
3173,504.624532
3174,452.073962
3175,640.518909
3176,468.886648
3177,812.730161
3178,710.729573
3179,455.863333
3180,573.468235
3181,821.055482
3182,472.225084
3183,429.892442
3184,440.610666
3185,512.200730
3186,447.614167
3187,538.845758
3188,504.985264
3189,456.012111
3190,770.735097
3191,657.137979
3192,433.235419
3193,459.070037
3194,439.451313
3195,542.433014
3196,500.221702
3197,630.172304
3198,438.782682
3199,497.180853
3200,441.802230
3201,512.206872
3202,521.970537
3203,511.575358
3204,725.941298
3205,712.251649
3206,447.303807
3207,419.808545
3208,524.375169
3209,475.147679
3210,625.323873
3211,496.489934
3212,615.576621
3213,506.696492
3214,513.618302
3215,459.670617
3216,450.912264
3217,778.373705
3218,469.239813
3219,477.853499
3220,539.977507
3221,492.747490
3222,754.263508
3223,477.471101
3224,519.324239
3225,539.682751
3226,574.683808
3227,428.939054
3228,524.087858
3229,657.276893
3230,491.266805
3231,554.859420
3232,463.388680
3233,482.168206
3234,472.198096
3235,469.909950
3236,464.645884
3237,592.702924
3238,442.102900
3239,534.724822
3240,475.391115
3241,461.246348
3242,757.721236
3243,494.040638
3244,490.662776
3245,699.910835
3246,582.993367
3247,471.254619
3248,470.731943
3249,503.395681
3250,426.515689
3251,541.629215
3252,464.581350
3253,528.042029
3254,521.647643
3255,454.603546
3256,502.826601
3257,479.417237
3258,500.158735
3259,467.642712
3260,459.364046
3261,461.339459
3262,778.150045
3263,574.654547
3264,469.263507
3265,499.027655
3266,589.184720
3267,531.975878
3268,481.736080
3269,433.502017
3270,490.404024
3271,651.973580
3272,671.179731
3273,495.557118
3274,1085.633386
3275,605.610335
3276,605.230212
3277,521.147382
3278,797.325558
3279,491.312566
3280,760.147192
3281,810.232125
3282,453.140984
3283,639.510729
3284,770.896949
3285,521.640833
3286,794.473797
3287,484.388358
3288,522.777004
3289,769.262200
3290,813.399473
3291,741.126514
3292,563.592972
3293,501.771292
3294,633.305342
3295,731.134316
3296,686.629862
3297,459.898888
3298,761.245224
3299,734.157861
3300,731.113099
3301,512.102192
3302,1152.500120
3303,764.564538
3304,724.890634
3305,795.072409
3306,734.972061
3307,501.695714
3308,803.758694
3309,559.812320
3310,482.437821
3311,457.742783
3312,491.535021
3313,674.490262
3314,683.930526
3315,455.555669
3316,514.500954
3317,699.002107
3318,463.322891
3319,803.459462
3320,824.741316
3321,501.715615
3322,595.113570
3323,569.083141
3324,511.650738
3325,639.623604
3326,692.582859
3327,735.719523
3328,906.828321
3329,459.630871
3330,594.088524
3331,543.003104
3332,506.062278
3333,830.654004
3334,481.069861
3335,779.193324
3336,807.858149
3337,1019.389514
3338,508.293337
3339,551.794849
3340,686.965466
3341,552.677216
3342,499.762882
3343,753.274542
3344,684.849755
3345,751.410419
3346,772.800588
3347,580.320936
3348,693.384711
3349,551.633977
3350,761.142424
3351,785.753839
3352,509.689185
3353,773.945889
3354,753.138332
3355,462.247373
3356,506.732691
3357,451.600698
3358,773.600057
3359,891.143941
3360,501.861878
3361,525.822531
3362,805.427507
3363,736.532791
3364,587.554479
3365,620.357685
3366,913.977062
3367,475.565188
3368,737.705121
3369,656.050471
3370,500.836843
3371,625.816166
3372,580.302356
3373,784.161597
3374,469.834486
3375,734.522915
3376,741.206081
3377,554.309897
3378,874.862537
3379,641.509321
3380,778.433029
3381,804.897113
3382,821.463971
3383,497.244177
3384,528.292333
3385,708.609061
3386,597.213017
3387,631.144292
3388,482.950268
3389,506.894863
3390,1016.543180
3391,817.621273
3392,732.663836
3393,730.919496
3394,455.578554
3395,787.106895
3396,746.412859
3397,688.619526
3398,606.070667
3399,465.152428
3400,751.084081
3401,688.155084
3402,515.687880
3403,786.863919
3404,701.842218
3405,640.352551
3406,680.991497
3407,596.321478
3408,464.933597
3409,844.101377
3410,490.775487
3411,790.998664
3412,528.865997
3413,688.952096
3414,575.020386
3415,687.569955
3416,482.490942
3417,807.310860
3418,780.475047
3419,561.169227
3420,751.832582
3421,486.019338
3422,450.630302
3423,510.273799
3424,464.489215
3425,601.445324
3426,891.705365
3427,806.896493
3428,836.492387
3429,513.360725
3430,764.652748
3431,764.677477
3432,733.099957
3433,794.993532
3434,686.914941
3435,696.323352
3436,636.701776
3437,724.521702
3438,595.446087
3439,668.436858
3440,612.830839
3441,776.394317
3442,727.079451
3443,485.277158
3444,799.117075
3445,767.937493
3446,825.574182
3447,714.023820
3448,726.872031
3449,817.221973
3450,710.860944
3451,688.817034
3452,676.742975
3453,797.612339
3454,808.087061
3455,1156.381812
3456,877.510423
3457,721.633169
3458,1164.288866
3459,732.061591
3460,748.643592
3461,811.834561
3462,565.004123
3463,899.688335
3464,808.896531
3465,846.852689
3466,971.454969
3467,762.025848
3468,570.035931
3469,531.956918
3470,840.173432
3471,466.928344
3472,863.426306
3473,821.324240
3474,618.762400
3475,646.196084
3476,761.668080
3477,816.742066
3478,561.329724
3479,832.790228
3480,778.098516
3481,828.161172
3482,745.792867
3483,1496.040619
3484,903.975154
3485,771.711472
3486,679.093825
3487,870.672821
3488,836.344537
3489,471.178139
3490,842.431887
3491,821.991268
3492,865.579447
3493,773.521468
3494,1448.114280
3495,705.369384
3496,806.458010
3497,768.838889
3498,492.856497
3499,425.557760
3500,800.654388
3501,806.069810
3502,853.008666
3503,799.493167
3504,738.569237
3505,751.552353
3506,557.331619
3507,718.717751
3508,818.453089
3509,896.079288
3510,552.336546
3511,603.655847
3512,510.805974
3513,675.837636
3514,859.530456
3515,1176.479489
3516,487.340584
3517,726.221971
3518,968.894124
3519,1064.539337
3520,775.749676
3521,1158.383080
3522,1053.416999
3523,796.305317
3524,804.871565
3525,1028.920470
3526,770.672214
3527,707.883385
3528,747.430312
3529,1603.645801
3530,424.327141
3531,785.495917
3532,2196.345595
3533,1150.244436
3534,902.177137
3535,784.115689
3536,980.937420
3537,1135.077745
3538,520.137842
3539,462.540138
3540,809.403472
3541,763.156360
3542,715.802113
3543,766.959561
3544,518.386200
3545,696.010833
3546,968.920361
3547,478.687779
3548,815.070896
3549,488.845933
3550,480.990324
3551,1202.041395
3552,753.849382
3553,768.243470
3554,752.419365
3555,779.056284
3556,707.504657
3557,836.187175
3558,804.009049
3559,737.718803
3560,762.276037
3561,774.123263
3562,831.912664
3563,791.794239
3564,607.177283
3565,761.229543
3566,573.045378
3567,1178.229506
3568,504.031937
3569,771.606698
3570,942.133143
3571,738.993279
3572,522.403164
3573,833.673797
3574,847.837712
3575,783.040362
3576,793.004434
3577,1344.895494
3578,810.884628
3579,1052.523400
3580,649.485134
3581,819.734932
3582,754.123744
3583,865.260381
3584,732.501747
3585,737.657469
3586,840.959500
3587,788.275796
3588,773.033477
3589,729.999763
3590,789.618117
3591,644.407114
3592,707.732168
3593,705.403538
3594,786.480414
3595,766.831429
3596,811.285202
3597,1119.682173
3598,812.558415
3599,737.709163
3600,1016.078216
3601,831.883795
3602,892.706660
3603,825.234002
3604,834.866408
3605,917.572558
3606,1486.388193
3607,608.169164
3608,904.304020
3609,790.333337
3610,1027.242506
3611,830.653002
3612,1116.301454
3613,524.111894
3614,615.086984
3615,919.656372
3616,492.910783
3617,1403.371977
3618,541.692597
3619,928.520182
3620,968.596609
3621,1105.299713
3622,811.502785
3623,816.520321
3624,951.241478
3625,833.403059
3626,1262.636447
3627,1060.072517
3628,1203.638820
3629,1686.631440
3630,861.086809
3631,752.698488
3632,751.685507
3633,1047.464148
3634,811.482808
3635,1860.745251
3636,778.927163
3637,468.642253
3638,668.387184
3639,952.703189
3640,864.492858
3641,854.965730
3642,446.533281
3643,879.923576
3644,840.620494
3645,964.441702
3646,1472.555892
3647,841.110224
3648,867.615677
3649,850.872573
3650,1097.512139
3651,855.379401
3652,884.384781
3653,1673.258062
3654,796.315368
3655,919.383889
3656,663.837345
3657,1499.013840
3658,765.887299
3659,829.878915
3660,887.178844
3661,731.987432
3662,1267.725826
3663,930.463671
3664,913.732089
3665,760.665551
3666,655.486560
3667,768.922914
3668,766.028523
3669,702.257375
3670,850.904446
3671,805.275245
3672,505.277609
3673,989.688089
3674,1040.000699
3675,795.700289
3676,557.677758
3677,874.121392
3678,772.472760
3679,678.347538
3680,1325.715089
3681,1212.889208
3682,842.483146
3683,808.589704
3684,734.583059
3685,905.401365
3686,930.430915
3687,1128.132846
3688,537.743336
3689,779.320627
3690,814.954655
3691,762.848983
3692,1110.671987
3693,452.068957
3694,873.929950
3695,1077.648905
3696,808.143273
3697,871.950423
3698,817.035713
3699,895.514228
3700,806.289857
3701,497.779369
3702,1290.795232
3703,1108.534063
3704,1030.928280
3705,1105.910162
3706,1127.031602
3707,572.990884
3708,801.037521
3709,974.514275
3710,790.123778
3711,949.652713
3712,782.111939
3713,1216.813505
3714,1327.596150
3715,851.952475
3716,797.228721
3717,858.072758
3718,1214.525094
3719,707.979868
3720,538.371878
3721,1220.711572
3722,787.278248
3723,855.466079
3724,744.228097
3725,1087.773719
3726,785.151491
3727,1426.154943
3728,798.792162
3729,1409.281875
3730,1169.065635
3731,1103.304157
3732,754.384177
3733,1162.014666
3734,871.671371
3735,1069.982767
3736,1191.733716
3737,1567.366112
3738,2040.295077
3739,1586.106328
3740,878.996200
3741,1518.575516
3742,1133.772955
3743,2029.988066
3744,1768.257168
3745,845.137987
3746,1707.657078
3747,1061.701037
3748,2775.652121
3749,883.209692
3750,1882.979028
3751,897.059683
3752,1207.511571
3753,895.179771
3754,729.557422
3755,1136.670486
3756,1271.052372
3757,1621.448414
3758,1092.334114
3759,857.336227
3760,850.063779
3761,1442.854556
3762,1493.564214
3763,757.512441
3764,1899.932562
3765,771.060098
3766,949.869355
3767,842.742388
3768,1159.642169
3769,996.624539
3770,878.025011
3771,1588.860045
3772,1176.598621
3773,1597.859144
3774,1573.845593
3775,1225.351953
3776,1201.883153
3777,1056.603455
3778,2514.710165
3779,1083.509126
3780,1538.275105
3781,2153.280660
3782,2011.557968
3783,1872.482311
3784,929.421044
3785,1463.159475
3786,762.161067
3787,1519.568065
3788,1430.642714
3789,1309.188581
3790,1795.895939
3791,1080.332664
3792,1006.322547
3793,1244.689483
3794,1033.498106
3795,1170.766267
3796,851.572745
3797,2283.589026
3798,1619.042462
3799,1211.671108
3800,1814.271689
3801,1061.160217
3802,794.725402
3803,604.438803
3804,1241.771718
3805,2551.998974
3806,844.051975
3807,918.760850
3808,1029.346324
3809,1733.609595
3810,1121.061774
3811,1292.030866
3812,823.229040
3813,1070.105183
3814,840.177989
3815,2083.981098
3816,1083.293933
3817,801.424675
3818,1131.390930
3819,774.693611
3820,596.344052
3821,1131.383228
3822,1146.359777
3823,1127.892375
3824,2000.525258
3825,2009.527812
3826,1191.191121
3827,3225.859383
3828,2169.362314
3829,1403.585079
3830,1666.675406
3831,1468.910370
3832,1720.497955
3833,1371.465102
3834,1546.574946
3835,2291.146555
3836,2528.016141
3837,2682.821519
3838,1302.203743
3839,885.440869
3840,1536.001121
3841,1146.065592
3842,1037.284319
3843,2501.896264
3844,2200.224832
3845,1826.755676
3846,2681.939267
3847,2133.720143
3848,1153.923046
3849,2407.165037
3850,1869.169769
3851,1188.733642
3852,1754.587270
3853,1078.443056
3854,2179.235201
3855,2004.670241
3856,1673.433087
3857,1199.679907
3858,1491.784975
3859,1531.085387
3860,1467.038744
3861,2937.823190
3862,1480.074210
3863,2029.716381
3864,2720.528605
3865,905.373798
3866,1882.690454
3867,939.654158
3868,1794.346230
3869,1460.894757
3870,1111.895101
3871,1367.524395
3872,1606.006350
3873,1752.604629
3874,745.274498
3875,1089.388512
3876,828.418243
3877,1455.064661
3878,861.466964
3879,1409.214744
3880,1990.287832
3881,2233.101421
3882,1149.885907
3883,5257.662718
3884,1547.893508
3885,1588.290793
3886,1314.482919
3887,1077.322015
3888,706.559023
3889,1368.919049
3890,1521.333167
3891,857.976447
3892,1149.811836
3893,1036.228636
3894,2397.109470
3895,1378.081530
3896,2371.442768
3897,2092.655483
3898,2632.117128
3899,1412.999663
3900,1883.615351
3901,1971.874060
3902,1474.156115
3903,2388.048232
3904,1683.616283
3905,1219.072659
3906,936.628475
3907,1225.331808
3908,1671.840336
3909,1241.904771
3910,1399.058053
3911,1606.576355
3912,3362.830264
3913,1228.526710
3914,1337.395543
3915,3102.887409
3916,1802.166575
3917,2240.289505
3918,1761.803735
3919,1388.505081
3920,1312.977977
3921,1667.383052
3922,1485.738277
3923,1205.147937
3924,1314.215527
3925,1169.808129
3926,3079.529493
3927,1356.063104
3928,2317.640415
3929,1445.887502
3930,807.817488
3931,2520.732227
3932,1096.085863
3933,4240.056447
3934,1795.180343
3935,813.866621
3936,960.088317
3937,1312.393310
3938,1485.358523
3939,3976.221703
3940,1627.423190
3941,1197.509621
3942,1487.233215
3943,1454.753686
3944,2218.703217
3945,1717.357827
3946,1756.323067
3947,1466.936865
3948,2102.493889
3949,1766.114798
3950,910.341060
3951,1668.065024
3952,1304.404495
3953,2553.300642
3954,1529.443586
3955,1174.815905
3956,1811.626698
3957,2020.920654
3958,1984.571758
3959,1255.299482
3960,1668.763584
3961,1149.635601
3962,1442.600225
3963,948.553005
3964,1207.504238
3965,1809.362685
3966,1224.991510
3967,1734.886343
3968,1008.986439
3969,1919.061921
3970,1544.146194
3971,1922.949967
3972,1501.716656
3973,1478.875134
3974,1007.235387
3975,1490.329590
3976,1268.503300
3977,970.412560
3978,2503.159973
3979,1458.222313
3980,1691.670096
3981,1997.549134
3982,1697.792540
3983,1671.224732
3984,1165.521382
3985,2984.858026
3986,1941.724408
3987,1260.836532
3988,1888.808367
3989,1642.755904
3990,1274.878688
3991,1666.252238
3992,1605.140535
3993,1692.043113
3994,1494.988962
3995,1498.119234
3996,2188.783955
3997,1393.247068
3998,1928.427196
3999,1429.821197
4000,3056.957206
4001,3142.004261
4002,1713.026989
4003,3144.323668
4004,1709.338018
4005,1082.917377
4006,2098.057597
4007,1983.213049
4008,3992.224067
4009,2379.272057
4010,1306.164205
4011,2268.852140
4012,2316.279382
4013,1353.653800
4014,1809.208701
4015,1937.036803
4016,1544.251017
4017,1515.168732
4018,897.936848
4019,3602.653197
4020,2915.253502
4021,1429.294788
4022,2361.675390
4023,1911.630341
4024,2113.271629
4025,902.390791
4026,2532.708980
4027,3314.926203
4028,1720.352685
4029,857.704647
4030,934.628381
4031,1604.189318
4032,1780.490677
4033,1593.736308
4034,1427.649116
4035,841.544290
4036,3068.445305
4037,1453.588605
4038,1809.926617
4039,1521.458170
4040,1587.058222
4041,1831.109143
4042,2449.770687
4043,1994.224478
4044,1594.444882
4045,1063.420161
4046,1235.961704
4047,1281.822784
4048,1984.594046
4049,1262.940213
4050,3088.167053
4051,863.171190
4052,1544.447381
4053,1132.976498
4054,1831.377680
4055,1242.105809
4056,1735.997524
4057,2201.038918
4058,1892.729236
4059,1591.451208
4060,1484.988846
4061,2661.489366
4062,1794.293414
4063,1196.352248
4064,2745.874916
4065,1854.360738
4066,1827.767462
4067,2281.821870
4068,1578.546331
4069,1234.984779
4070,1237.746044
4071,1744.173736
4072,1341.572319
4073,1539.523865
4074,1868.834095
4075,1333.001745
4076,2370.016214
4077,2387.901714
4078,1542.580214
4079,1698.609125
4080,3193.996212
4081,1626.846303
4082,2989.144136
4083,2319.654525
4084,1711.881555
4085,2262.364149
4086,1192.987699
4087,1983.736086
4088,1431.137180
4089,5285.085902
4090,1141.844025
4091,2522.259821
4092,2302.988624
4093,1751.688206
4094,1363.806125
4095,1867.794204
4096,1084.442233
4097,2802.011902
4098,1061.155693
4099,1450.148369
4100,3118.299225
4101,2362.743292
4102,1733.803197
4103,3365.602848
4104,982.427676
4105,1615.942979
4106,1190.034781
4107,1263.063996
4108,1407.185329
4109,2030.806440
4110,1678.692508
4111,1506.759044
4112,2350.227916
4113,3223.466017
4114,1493.775822
4115,1840.937281
4116,2419.375300
4117,1293.389603
4118,2451.057439
4119,1270.250960
4120,1194.332574
4121,3178.268429
4122,1170.282422
4123,1600.194081
4124,1582.842080
4125,2310.856357
4126,1999.281024
4127,1525.976934
4128,2825.258041
4129,1994.827413
4130,1597.060532
4131,1695.301073
4132,3964.973775
4133,2332.726323
4134,1863.741845
4135,4427.847871
4136,2337.405278
4137,1677.257890
4138,2291.407472
4139,4312.528481
4140,5467.400057
4141,2073.888347
4142,2123.823187
4143,1367.313587
4144,2469.852422
4145,3159.627538
4146,2992.478405
4147,1528.266116
4148,2141.533754
4149,1555.398475
4150,1516.032373
4151,3944.757921
4152,2683.116139
4153,1922.558842
4154,1115.685638
4155,2020.204426
4156,4154.753446
4157,5105.210850
4158,2509.963950
4159,1211.132951
4160,1622.293560
4161,1821.847162
4162,3160.408301
4163,861.829200
4164,1981.537470
4165,3792.055831
4166,4951.056874
4167,1350.123938
4168,1534.533441
4169,5980.047375
4170,1517.337803
4171,4188.653745
4172,2148.650497
4173,2302.451201
4174,1659.086289
4175,1804.467498
4176,5087.398837
4177,1496.646582
4178,1534.436671
4179,2456.394653
4180,4249.280674
4181,2327.013141
4182,1510.923548
4183,1966.636493
4184,2053.464607
4185,2234.520711
4186,3270.506289
4187,1640.811303
4188,5171.790109
4189,1954.508669
4190,1660.415210
4191,3948.989405
4192,2033.081126
4193,2483.967580
4194,1667.538436
4195,1306.895105
4196,2124.066703
4197,3043.113328
4198,1814.990864
4199,3786.164782
4200,1379.958956
4201,1884.349921
4202,2590.884658
4203,2040.368036
4204,1967.001681
4205,2026.227176
4206,3676.984551
4207,2111.566469
4208,2808.593668
4209,4508.896187
4210,2316.873583
4211,2637.576788
4212,1560.199711
4213,2903.117531
4214,1661.869217
4215,1567.191005
4216,3821.185340
4217,1664.120892
4218,1935.774225
4219,2270.833919
4220,2131.362034
4221,2503.998875
4222,3838.095147
4223,2355.348628
4224,1128.355765
4225,6672.235332
4226,1648.064785
4227,1588.906140
4228,3593.284077
4229,1855.535795
4230,1490.967786
4231,2591.587142
4232,3081.888008
4233,5257.879667
4234,1603.803158
4235,3059.258795
4236,1213.165561
4237,6117.200957
4238,6715.978820
4239,5376.677988
4240,1873.844332
4241,4575.385975
4242,12079.013789
4243,8864.302938
4244,6718.375149
4245,9799.425722
4246,1418.852107
4247,1458.398397
4248,4083.095028
4249,4675.327790
4250,2900.808742
4251,1644.265966
4252,2470.215779
4253,2053.987166
4254,1507.137442
4255,3656.011584
4256,3879.738341
4257,2162.305436
4258,3770.582793
4259,5649.739015
4260,2237.971529
4261,3346.187400
4262,1957.936000
4263,1234.258950
4264,2674.330532
4265,4646.304358
4266,2741.888398
4267,11286.932577
4268,2002.397020
4269,1139.850390
4270,2883.640457
4271,3020.184990
4272,3220.330921
4273,2636.757534
4274,2218.529202
4275,1223.430323
4276,5993.362181
4277,3779.961016
4278,4035.143312
4279,2238.750260
4280,1578.308179
4281,1233.109248
4282,2236.031919
4283,1782.763275
4284,2463.001626
4285,3316.027611
4286,1724.210586
4287,2065.660985
4288,1349.565519
4289,1824.799531
4290,2239.725387
4291,3783.987257
4292,5349.845286
4293,2683.200174
4294,2964.485729
4295,1277.779080
4296,1384.667674
4297,3937.834576
4298,1181.158838
4299,2008.878929
4300,1461.490895
4301,2818.536300
4302,3413.468063
4303,2574.689734
4304,4322.080079
4305,6718.384448
4306,2325.610070
4307,3974.330723
4308,1470.158053
4309,2012.742990
4310,3315.133561
4311,2089.956468
4312,1624.338050
4313,2861.521761
4314,2194.542737
4315,1304.596421
4316,1291.139088
4317,1531.189578
4318,1692.134516
4319,4217.524712
4320,5818.941753
4321,2458.415838
4322,3531.406987
4323,6479.815666
4324,8053.908272
4325,6672.739796
4326,12343.202216
4327,10925.553446
4328,1235.573122
4329,3102.172135
4330,9473.199725
4331,9813.675603
4332,3453.574123
4333,4462.470564
4334,5463.759370
4335,6752.398792
4336,11047.640494
4337,2071.026368
4338,7435.593224
4339,10224.889071
4340,18071.331892
4341,14550.500099
4342,1386.972812
4343,3685.788505
4344,21916.187843
4345,4487.022635
4346,4784.538027
4347,8052.248834
4348,5892.503833
4349,14337.166560
4350,2060.981362
4351,5200.699248
4352,3430.325329
4353,24033.114860
4354,2241.170036
4355,1653.986367
4356,31228.718885
4357,2008.291095
4358,17320.515856
4359,2793.359127
4360,15482.120301
4361,3767.814386
4362,28446.210793
4363,5899.939459
4364,1337.581489
4365,14452.873255
4366,3268.499790
4367,5061.880184
4368,2934.769613
4369,19763.760087
4370,2334.436813
4371,1969.241405
4372,4888.506907
4373,3162.358422
4374,31839.374593
4375,4032.057794
4376,8296.730770
4377,11589.460393
4378,12279.273858
4379,26498.582680
4380,8722.796838
4381,4766.380378
4382,4314.081335
4383,12226.556783
4384,3234.398716
4385,7606.594785
4386,4332.930641
4387,8773.238317
4388,8704.726385
4389,2680.061750
4390,19573.650144
4391,16924.526089
4392,4596.702464
4393,8634.599070
4394,2034.430592
4395,22760.996158
4396,12207.538897
4397,7548.909014
4398,8891.846431
4399,16767.263225
4400,6561.477583
4401,5638.021624
4402,10529.842682
4403,1586.382744
4404,7428.913784
4405,11392.394669
4406,12733.157997
4407,17422.174380
4408,20467.621347
4409,2066.432339
4410,12594.493687
4411,3222.844987
4412,1277.759814
4413,8606.934188
4414,18367.207414
4415,19780.067282
4416,23013.758279
4417,10238.817357
4418,21014.662644
4419,8119.233617
4420,12671.398456
4421,4876.815029
4422,12610.050192
4423,2407.545898
4424,9242.548428
4425,4627.242534
4426,36582.955153
4427,7049.558861
4428,37503.490663
4429,5527.024159
4430,1804.261140
4431,3335.261909
4432,13790.238086
4433,12467.852505
4434,13225.012808
